"","random_forest_relevance"
"ASV_1","uninportant"
"ASV_2","uninportant"
"ASV_3","uninportant"
"ASV_4","uninportant"
"ASV_5","uninportant"
"ASV_6","uninportant"
"ASV_7","uninportant"
"ASV_8","uninportant"
"ASV_9","uninportant"
"ASV_10","uninportant"
"ASV_11","uninportant"
"ASV_12","uninportant"
"ASV_13","uninportant"
"ASV_14","uninportant"
"ASV_15","uninportant"
"ASV_16","uninportant"
"ASV_18","uninportant"
"ASV_19","uninportant"
"ASV_21","uninportant"
"ASV_22","uninportant"
"ASV_24","uninportant"
"ASV_25","uninportant"
"ASV_26","uninportant"
"ASV_27","uninportant"
"ASV_28","uninportant"
"ASV_29","uninportant"
"ASV_30","uninportant"
"ASV_31","uninportant"
"ASV_32","uninportant"
"ASV_33","uninportant"
"ASV_34","uninportant"
"ASV_35","uninportant"
"ASV_36","uninportant"
"ASV_37","uninportant"
"ASV_39","uninportant"
"ASV_40","uninportant"
"ASV_41","uninportant"
"ASV_42","uninportant"
"ASV_43","uninportant"
"ASV_44","uninportant"
"ASV_45","uninportant"
"ASV_46","uninportant"
"ASV_47","uninportant"
"ASV_48","uninportant"
"ASV_49","uninportant"
"ASV_50","uninportant"
"ASV_51","uninportant"
"ASV_52","uninportant"
"ASV_53","uninportant"
"ASV_54","uninportant"
"ASV_55","uninportant"
"ASV_56","uninportant"
"ASV_57","uninportant"
"ASV_58","uninportant"
"ASV_59","uninportant"
"ASV_60","uninportant"
"ASV_61","uninportant"
"ASV_62","uninportant"
"ASV_63","uninportant"
"ASV_64","uninportant"
"ASV_65","uninportant"
"ASV_66","uninportant"
"ASV_67","uninportant"
"ASV_68","uninportant"
"ASV_69","uninportant"
"ASV_70","uninportant"
"ASV_71","uninportant"
"ASV_72","uninportant"
"ASV_73","uninportant"
"ASV_74","important"
"ASV_75","uninportant"
"ASV_76","uninportant"
"ASV_77","uninportant"
"ASV_78","uninportant"
"ASV_79","uninportant"
"ASV_80","uninportant"
"ASV_81","uninportant"
"ASV_82","uninportant"
"ASV_83","uninportant"
"ASV_84","uninportant"
"ASV_85","uninportant"
"ASV_86","uninportant"
"ASV_87","uninportant"
"ASV_88","uninportant"
"ASV_89","uninportant"
"ASV_90","uninportant"
"ASV_91","uninportant"
"ASV_92","uninportant"
"ASV_93","uninportant"
"ASV_95","uninportant"
"ASV_96","uninportant"
"ASV_97","uninportant"
"ASV_98","uninportant"
"ASV_99","uninportant"
"ASV_100","uninportant"
"ASV_101","uninportant"
"ASV_102","uninportant"
"ASV_103","uninportant"
"ASV_104","uninportant"
"ASV_105","uninportant"
"ASV_106","uninportant"
"ASV_107","uninportant"
"ASV_108","uninportant"
"ASV_109","uninportant"
"ASV_110","uninportant"
"ASV_111","uninportant"
"ASV_112","uninportant"
"ASV_113","uninportant"
"ASV_114","important"
"ASV_115","uninportant"
"ASV_116","uninportant"
"ASV_117","uninportant"
"ASV_118","uninportant"
"ASV_119","uninportant"
"ASV_120","uninportant"
"ASV_121","uninportant"
"ASV_122","uninportant"
"ASV_123","uninportant"
"ASV_124","uninportant"
"ASV_125","uninportant"
"ASV_126","uninportant"
"ASV_127","uninportant"
"ASV_128","uninportant"
"ASV_129","uninportant"
"ASV_130","uninportant"
"ASV_131","uninportant"
"ASV_132","uninportant"
"ASV_133","uninportant"
"ASV_134","uninportant"
"ASV_135","uninportant"
"ASV_136","uninportant"
"ASV_137","uninportant"
"ASV_138","uninportant"
"ASV_139","uninportant"
"ASV_140","uninportant"
"ASV_141","uninportant"
"ASV_142","uninportant"
"ASV_143","important"
"ASV_144","uninportant"
"ASV_145","uninportant"
"ASV_146","uninportant"
"ASV_147","uninportant"
"ASV_148","uninportant"
"ASV_149","uninportant"
"ASV_150","uninportant"
"ASV_151","uninportant"
"ASV_152","uninportant"
"ASV_153","uninportant"
"ASV_154","uninportant"
"ASV_155","uninportant"
"ASV_156","uninportant"
"ASV_157","uninportant"
"ASV_158","uninportant"
"ASV_159","uninportant"
"ASV_160","uninportant"
"ASV_161","uninportant"
"ASV_162","uninportant"
"ASV_163","uninportant"
"ASV_164","uninportant"
"ASV_165","uninportant"
"ASV_166","uninportant"
"ASV_167","uninportant"
"ASV_168","uninportant"
"ASV_169","uninportant"
"ASV_170","uninportant"
"ASV_171","uninportant"
"ASV_172","uninportant"
"ASV_173","uninportant"
"ASV_174","uninportant"
"ASV_175","uninportant"
"ASV_176","uninportant"
"ASV_177","uninportant"
"ASV_178","important"
"ASV_179","uninportant"
"ASV_180","uninportant"
"ASV_181","uninportant"
"ASV_182","uninportant"
"ASV_184","uninportant"
"ASV_185","uninportant"
"ASV_186","uninportant"
"ASV_187","uninportant"
"ASV_188","uninportant"
"ASV_189","uninportant"
"ASV_190","uninportant"
"ASV_191","uninportant"
"ASV_192","important"
"ASV_193","uninportant"
"ASV_194","uninportant"
"ASV_195","uninportant"
"ASV_196","uninportant"
"ASV_197","uninportant"
"ASV_198","important"
"ASV_199","uninportant"
"ASV_200","uninportant"
"ASV_201","uninportant"
"ASV_202","uninportant"
"ASV_203","uninportant"
"ASV_204","uninportant"
"ASV_205","uninportant"
"ASV_206","uninportant"
"ASV_207","uninportant"
"ASV_208","uninportant"
"ASV_209","uninportant"
"ASV_210","uninportant"
"ASV_211","uninportant"
"ASV_212","uninportant"
"ASV_213","uninportant"
"ASV_214","uninportant"
"ASV_215","uninportant"
"ASV_216","uninportant"
"ASV_217","uninportant"
"ASV_218","uninportant"
"ASV_219","uninportant"
"ASV_220","uninportant"
"ASV_221","uninportant"
"ASV_222","uninportant"
"ASV_224","uninportant"
"ASV_225","uninportant"
"ASV_226","uninportant"
"ASV_227","uninportant"
"ASV_228","uninportant"
"ASV_229","uninportant"
"ASV_230","uninportant"
"ASV_231","uninportant"
"ASV_232","uninportant"
"ASV_233","uninportant"
"ASV_234","uninportant"
"ASV_235","uninportant"
"ASV_236","uninportant"
"ASV_237","uninportant"
"ASV_238","uninportant"
"ASV_239","uninportant"
"ASV_240","uninportant"
"ASV_241","uninportant"
"ASV_242","uninportant"
"ASV_243","uninportant"
"ASV_244","uninportant"
"ASV_245","uninportant"
"ASV_246","uninportant"
"ASV_247","uninportant"
"ASV_248","uninportant"
"ASV_249","uninportant"
"ASV_250","uninportant"
"ASV_251","uninportant"
"ASV_252","uninportant"
"ASV_253","uninportant"
"ASV_254","uninportant"
"ASV_255","uninportant"
"ASV_256","uninportant"
"ASV_257","uninportant"
"ASV_258","uninportant"
"ASV_259","uninportant"
"ASV_260","uninportant"
"ASV_261","uninportant"
"ASV_262","uninportant"
"ASV_263","uninportant"
"ASV_264","uninportant"
"ASV_265","uninportant"
"ASV_266","uninportant"
"ASV_267","uninportant"
"ASV_268","uninportant"
"ASV_269","uninportant"
"ASV_270","uninportant"
"ASV_271","uninportant"
"ASV_272","uninportant"
"ASV_273","uninportant"
"ASV_274","uninportant"
"ASV_275","uninportant"
"ASV_276","uninportant"
"ASV_277","uninportant"
"ASV_278","uninportant"
"ASV_279","uninportant"
"ASV_280","uninportant"
"ASV_281","uninportant"
"ASV_282","uninportant"
"ASV_283","uninportant"
"ASV_284","uninportant"
"ASV_285","uninportant"
"ASV_286","uninportant"
"ASV_287","uninportant"
"ASV_288","uninportant"
"ASV_289","uninportant"
"ASV_290","uninportant"
"ASV_291","uninportant"
"ASV_292","uninportant"
"ASV_294","uninportant"
"ASV_295","uninportant"
"ASV_296","uninportant"
"ASV_297","uninportant"
"ASV_298","uninportant"
"ASV_299","uninportant"
"ASV_300","uninportant"
"ASV_301","uninportant"
"ASV_302","uninportant"
"ASV_303","uninportant"
"ASV_304","uninportant"
"ASV_305","uninportant"
"ASV_306","uninportant"
"ASV_307","uninportant"
"ASV_308","uninportant"
"ASV_310","uninportant"
"ASV_311","uninportant"
"ASV_312","uninportant"
"ASV_313","uninportant"
"ASV_315","uninportant"
"ASV_316","uninportant"
"ASV_318","uninportant"
"ASV_320","uninportant"
"ASV_321","uninportant"
"ASV_322","uninportant"
"ASV_323","uninportant"
"ASV_324","uninportant"
"ASV_325","uninportant"
"ASV_326","uninportant"
"ASV_327","uninportant"
"ASV_328","uninportant"
"ASV_329","uninportant"
"ASV_330","uninportant"
"ASV_331","uninportant"
"ASV_332","uninportant"
"ASV_333","uninportant"
"ASV_334","uninportant"
"ASV_335","uninportant"
"ASV_336","uninportant"
"ASV_337","uninportant"
"ASV_338","uninportant"
"ASV_339","uninportant"
"ASV_340","uninportant"
"ASV_341","uninportant"
"ASV_342","uninportant"
"ASV_343","uninportant"
"ASV_344","uninportant"
"ASV_345","uninportant"
"ASV_346","uninportant"
"ASV_347","uninportant"
"ASV_348","uninportant"
"ASV_349","uninportant"
"ASV_350","uninportant"
"ASV_351","uninportant"
"ASV_352","uninportant"
"ASV_353","uninportant"
"ASV_354","uninportant"
"ASV_355","uninportant"
"ASV_356","uninportant"
"ASV_357","uninportant"
"ASV_358","uninportant"
"ASV_359","uninportant"
"ASV_360","uninportant"
"ASV_361","uninportant"
"ASV_362","uninportant"
"ASV_363","uninportant"
"ASV_364","uninportant"
"ASV_365","uninportant"
"ASV_366","uninportant"
"ASV_367","uninportant"
"ASV_368","uninportant"
"ASV_369","uninportant"
"ASV_370","uninportant"
"ASV_371","uninportant"
"ASV_372","uninportant"
"ASV_373","uninportant"
"ASV_374","uninportant"
"ASV_375","uninportant"
"ASV_376","uninportant"
"ASV_378","uninportant"
"ASV_379","uninportant"
"ASV_380","uninportant"
"ASV_381","uninportant"
"ASV_382","uninportant"
"ASV_383","uninportant"
"ASV_384","uninportant"
"ASV_385","uninportant"
"ASV_386","uninportant"
"ASV_387","uninportant"
"ASV_388","uninportant"
"ASV_389","uninportant"
"ASV_390","uninportant"
"ASV_391","uninportant"
"ASV_392","uninportant"
"ASV_393","uninportant"
"ASV_394","uninportant"
"ASV_395","uninportant"
"ASV_396","uninportant"
"ASV_397","uninportant"
"ASV_398","uninportant"
"ASV_399","uninportant"
"ASV_400","uninportant"
"ASV_401","uninportant"
"ASV_402","uninportant"
"ASV_403","uninportant"
"ASV_404","uninportant"
"ASV_405","uninportant"
"ASV_407","uninportant"
"ASV_408","uninportant"
"ASV_409","uninportant"
"ASV_410","uninportant"
"ASV_411","uninportant"
"ASV_412","uninportant"
"ASV_413","uninportant"
"ASV_414","uninportant"
"ASV_415","uninportant"
"ASV_416","uninportant"
"ASV_417","uninportant"
"ASV_418","uninportant"
"ASV_419","uninportant"
"ASV_420","uninportant"
"ASV_421","uninportant"
"ASV_422","uninportant"
"ASV_423","uninportant"
"ASV_424","uninportant"
"ASV_425","uninportant"
"ASV_426","uninportant"
"ASV_427","uninportant"
"ASV_428","uninportant"
"ASV_429","uninportant"
"ASV_430","uninportant"
"ASV_431","uninportant"
"ASV_432","uninportant"
"ASV_433","uninportant"
"ASV_434","uninportant"
"ASV_435","uninportant"
"ASV_436","uninportant"
"ASV_437","uninportant"
"ASV_438","uninportant"
"ASV_439","uninportant"
"ASV_440","uninportant"
"ASV_441","uninportant"
"ASV_442","uninportant"
"ASV_443","uninportant"
"ASV_444","uninportant"
"ASV_445","uninportant"
"ASV_446","uninportant"
"ASV_447","uninportant"
"ASV_448","uninportant"
"ASV_449","uninportant"
"ASV_450","uninportant"
"ASV_451","uninportant"
"ASV_452","uninportant"
"ASV_453","uninportant"
"ASV_454","uninportant"
"ASV_455","uninportant"
"ASV_456","uninportant"
"ASV_457","uninportant"
"ASV_458","uninportant"
"ASV_459","uninportant"
"ASV_460","uninportant"
"ASV_461","uninportant"
"ASV_462","uninportant"
"ASV_463","uninportant"
"ASV_464","uninportant"
"ASV_466","uninportant"
"ASV_467","uninportant"
"ASV_468","uninportant"
"ASV_469","uninportant"
"ASV_470","uninportant"
"ASV_471","uninportant"
"ASV_474","uninportant"
"ASV_476","uninportant"
"ASV_477","uninportant"
"ASV_478","uninportant"
"ASV_479","uninportant"
"ASV_480","uninportant"
"ASV_481","uninportant"
"ASV_482","uninportant"
"ASV_483","important"
"ASV_484","uninportant"
"ASV_485","uninportant"
"ASV_486","uninportant"
"ASV_487","uninportant"
"ASV_488","uninportant"
"ASV_489","uninportant"
"ASV_490","uninportant"
"ASV_491","uninportant"
"ASV_492","uninportant"
"ASV_493","uninportant"
"ASV_494","uninportant"
"ASV_495","uninportant"
"ASV_496","uninportant"
"ASV_497","uninportant"
"ASV_498","uninportant"
"ASV_499","uninportant"
"ASV_500","uninportant"
"ASV_501","uninportant"
"ASV_502","uninportant"
"ASV_503","uninportant"
"ASV_504","uninportant"
"ASV_505","uninportant"
"ASV_506","uninportant"
"ASV_507","uninportant"
"ASV_508","uninportant"
"ASV_510","uninportant"
"ASV_511","uninportant"
"ASV_512","important"
"ASV_515","uninportant"
"ASV_516","uninportant"
"ASV_517","uninportant"
"ASV_518","uninportant"
"ASV_519","uninportant"
"ASV_520","uninportant"
"ASV_521","uninportant"
"ASV_523","uninportant"
"ASV_524","uninportant"
"ASV_525","uninportant"
"ASV_526","uninportant"
"ASV_527","uninportant"
"ASV_528","uninportant"
"ASV_529","uninportant"
"ASV_530","uninportant"
"ASV_531","uninportant"
"ASV_533","uninportant"
"ASV_534","uninportant"
"ASV_535","uninportant"
"ASV_536","uninportant"
"ASV_537","uninportant"
"ASV_538","uninportant"
"ASV_540","uninportant"
"ASV_541","uninportant"
"ASV_542","uninportant"
"ASV_543","uninportant"
"ASV_544","uninportant"
"ASV_545","uninportant"
"ASV_546","uninportant"
"ASV_547","uninportant"
"ASV_548","uninportant"
"ASV_549","uninportant"
"ASV_550","uninportant"
"ASV_551","uninportant"
"ASV_552","uninportant"
"ASV_553","important"
"ASV_554","uninportant"
"ASV_555","uninportant"
"ASV_557","uninportant"
"ASV_558","uninportant"
"ASV_559","uninportant"
"ASV_560","uninportant"
"ASV_561","uninportant"
"ASV_562","uninportant"
"ASV_563","uninportant"
"ASV_564","uninportant"
"ASV_566","uninportant"
"ASV_567","uninportant"
"ASV_568","uninportant"
"ASV_569","uninportant"
"ASV_570","uninportant"
"ASV_571","uninportant"
"ASV_572","uninportant"
"ASV_573","uninportant"
"ASV_574","uninportant"
"ASV_575","uninportant"
"ASV_576","uninportant"
"ASV_577","uninportant"
"ASV_578","uninportant"
"ASV_579","uninportant"
"ASV_580","uninportant"
"ASV_581","uninportant"
"ASV_582","uninportant"
"ASV_583","uninportant"
"ASV_584","uninportant"
"ASV_586","uninportant"
"ASV_587","uninportant"
"ASV_588","uninportant"
"ASV_589","uninportant"
"ASV_590","uninportant"
"ASV_591","uninportant"
"ASV_592","uninportant"
"ASV_593","uninportant"
"ASV_594","uninportant"
"ASV_595","uninportant"
"ASV_597","uninportant"
"ASV_598","uninportant"
"ASV_599","uninportant"
"ASV_600","uninportant"
"ASV_601","uninportant"
"ASV_602","uninportant"
"ASV_603","uninportant"
"ASV_604","uninportant"
"ASV_607","uninportant"
"ASV_608","important"
"ASV_609","uninportant"
"ASV_611","uninportant"
"ASV_612","uninportant"
"ASV_613","uninportant"
"ASV_614","uninportant"
"ASV_615","uninportant"
"ASV_616","uninportant"
"ASV_617","uninportant"
"ASV_618","uninportant"
"ASV_619","uninportant"
"ASV_620","uninportant"
"ASV_621","uninportant"
"ASV_622","uninportant"
"ASV_623","uninportant"
"ASV_624","uninportant"
"ASV_625","uninportant"
"ASV_626","uninportant"
"ASV_627","uninportant"
"ASV_628","uninportant"
"ASV_629","uninportant"
"ASV_631","uninportant"
"ASV_632","uninportant"
"ASV_633","uninportant"
"ASV_634","uninportant"
"ASV_635","uninportant"
"ASV_636","uninportant"
"ASV_638","uninportant"
"ASV_639","uninportant"
"ASV_640","uninportant"
"ASV_641","uninportant"
"ASV_642","uninportant"
"ASV_643","uninportant"
"ASV_644","uninportant"
"ASV_645","uninportant"
"ASV_646","uninportant"
"ASV_647","uninportant"
"ASV_648","uninportant"
"ASV_649","uninportant"
"ASV_650","uninportant"
"ASV_653","uninportant"
"ASV_654","uninportant"
"ASV_655","uninportant"
"ASV_656","uninportant"
"ASV_657","uninportant"
"ASV_659","uninportant"
"ASV_660","uninportant"
"ASV_661","uninportant"
"ASV_663","uninportant"
"ASV_664","uninportant"
"ASV_665","uninportant"
"ASV_666","uninportant"
"ASV_667","uninportant"
"ASV_668","uninportant"
"ASV_669","uninportant"
"ASV_671","uninportant"
"ASV_672","uninportant"
"ASV_673","uninportant"
"ASV_674","uninportant"
"ASV_675","uninportant"
"ASV_676","uninportant"
"ASV_678","uninportant"
"ASV_679","uninportant"
"ASV_680","uninportant"
"ASV_681","uninportant"
"ASV_682","uninportant"
"ASV_683","uninportant"
"ASV_684","uninportant"
"ASV_685","uninportant"
"ASV_686","uninportant"
"ASV_687","uninportant"
"ASV_689","uninportant"
"ASV_690","uninportant"
"ASV_691","uninportant"
"ASV_692","uninportant"
"ASV_693","uninportant"
"ASV_694","uninportant"
"ASV_695","uninportant"
"ASV_696","uninportant"
"ASV_697","uninportant"
"ASV_698","uninportant"
"ASV_699","uninportant"
"ASV_700","uninportant"
"ASV_701","uninportant"
"ASV_702","uninportant"
"ASV_703","uninportant"
"ASV_704","uninportant"
"ASV_705","uninportant"
"ASV_706","uninportant"
"ASV_707","uninportant"
"ASV_708","uninportant"
"ASV_709","uninportant"
"ASV_710","uninportant"
"ASV_711","uninportant"
"ASV_712","uninportant"
"ASV_713","uninportant"
"ASV_714","uninportant"
"ASV_715","uninportant"
"ASV_716","uninportant"
"ASV_717","uninportant"
"ASV_718","uninportant"
"ASV_719","uninportant"
"ASV_720","uninportant"
"ASV_721","uninportant"
"ASV_722","uninportant"
"ASV_723","uninportant"
"ASV_724","uninportant"
"ASV_725","uninportant"
"ASV_728","uninportant"
"ASV_729","uninportant"
"ASV_730","uninportant"
"ASV_731","uninportant"
"ASV_732","uninportant"
"ASV_733","uninportant"
"ASV_735","uninportant"
"ASV_736","uninportant"
"ASV_737","uninportant"
"ASV_738","uninportant"
"ASV_739","uninportant"
"ASV_740","uninportant"
"ASV_741","uninportant"
"ASV_742","uninportant"
"ASV_743","uninportant"
"ASV_744","uninportant"
"ASV_746","uninportant"
"ASV_747","uninportant"
"ASV_748","uninportant"
"ASV_749","uninportant"
"ASV_750","uninportant"
"ASV_751","uninportant"
"ASV_752","uninportant"
"ASV_753","uninportant"
"ASV_754","uninportant"
"ASV_755","uninportant"
"ASV_756","uninportant"
"ASV_757","uninportant"
"ASV_758","uninportant"
"ASV_759","uninportant"
"ASV_760","uninportant"
"ASV_761","uninportant"
"ASV_762","uninportant"
"ASV_764","uninportant"
"ASV_765","uninportant"
"ASV_766","uninportant"
"ASV_768","uninportant"
"ASV_769","uninportant"
"ASV_770","uninportant"
"ASV_771","uninportant"
"ASV_772","uninportant"
"ASV_773","uninportant"
"ASV_774","uninportant"
"ASV_775","uninportant"
"ASV_776","uninportant"
"ASV_777","uninportant"
"ASV_778","uninportant"
"ASV_779","uninportant"
"ASV_780","uninportant"
"ASV_781","uninportant"
"ASV_783","uninportant"
"ASV_784","uninportant"
"ASV_786","uninportant"
"ASV_787","uninportant"
"ASV_788","uninportant"
"ASV_789","uninportant"
"ASV_790","uninportant"
"ASV_791","uninportant"
"ASV_792","uninportant"
"ASV_793","uninportant"
"ASV_794","uninportant"
"ASV_795","uninportant"
"ASV_796","uninportant"
"ASV_798","uninportant"
"ASV_799","uninportant"
"ASV_800","uninportant"
"ASV_801","uninportant"
"ASV_802","uninportant"
"ASV_803","uninportant"
"ASV_804","uninportant"
"ASV_805","uninportant"
"ASV_806","uninportant"
"ASV_807","uninportant"
"ASV_808","uninportant"
"ASV_809","uninportant"
"ASV_810","uninportant"
"ASV_811","uninportant"
"ASV_812","uninportant"
"ASV_813","uninportant"
"ASV_814","uninportant"
"ASV_815","uninportant"
"ASV_816","uninportant"
"ASV_817","uninportant"
"ASV_818","uninportant"
"ASV_819","uninportant"
"ASV_820","uninportant"
"ASV_821","uninportant"
"ASV_823","uninportant"
"ASV_824","uninportant"
"ASV_825","uninportant"
"ASV_826","uninportant"
"ASV_827","uninportant"
"ASV_829","uninportant"
"ASV_830","uninportant"
"ASV_831","uninportant"
"ASV_832","uninportant"
"ASV_833","uninportant"
"ASV_834","uninportant"
"ASV_835","uninportant"
"ASV_836","uninportant"
"ASV_837","uninportant"
"ASV_838","uninportant"
"ASV_839","uninportant"
"ASV_840","uninportant"
"ASV_841","uninportant"
"ASV_842","uninportant"
"ASV_843","uninportant"
"ASV_844","uninportant"
"ASV_845","uninportant"
"ASV_846","uninportant"
"ASV_847","uninportant"
"ASV_848","uninportant"
"ASV_850","uninportant"
"ASV_851","uninportant"
"ASV_852","uninportant"
"ASV_853","uninportant"
"ASV_854","uninportant"
"ASV_855","uninportant"
"ASV_856","uninportant"
"ASV_857","uninportant"
"ASV_858","uninportant"
"ASV_859","uninportant"
"ASV_863","uninportant"
"ASV_864","uninportant"
"ASV_865","uninportant"
"ASV_867","uninportant"
"ASV_869","uninportant"
"ASV_870","uninportant"
"ASV_871","uninportant"
"ASV_872","uninportant"
"ASV_873","uninportant"
"ASV_874","uninportant"
"ASV_875","uninportant"
"ASV_876","uninportant"
"ASV_877","uninportant"
"ASV_878","uninportant"
"ASV_879","uninportant"
"ASV_880","uninportant"
"ASV_883","uninportant"
"ASV_884","uninportant"
"ASV_885","uninportant"
"ASV_886","uninportant"
"ASV_887","uninportant"
"ASV_888","uninportant"
"ASV_890","uninportant"
"ASV_891","uninportant"
"ASV_892","uninportant"
"ASV_893","uninportant"
"ASV_896","uninportant"
"ASV_897","uninportant"
"ASV_898","uninportant"
"ASV_899","uninportant"
"ASV_901","uninportant"
"ASV_902","uninportant"
"ASV_904","uninportant"
"ASV_907","uninportant"
"ASV_909","uninportant"
"ASV_910","uninportant"
"ASV_911","uninportant"
"ASV_912","uninportant"
"ASV_913","uninportant"
"ASV_914","uninportant"
"ASV_915","uninportant"
"ASV_916","uninportant"
"ASV_917","uninportant"
"ASV_918","uninportant"
"ASV_919","uninportant"
"ASV_920","uninportant"
"ASV_921","uninportant"
"ASV_922","uninportant"
"ASV_923","uninportant"
"ASV_924","uninportant"
"ASV_927","uninportant"
"ASV_928","uninportant"
"ASV_930","uninportant"
"ASV_931","uninportant"
"ASV_932","uninportant"
"ASV_933","uninportant"
"ASV_934","uninportant"
"ASV_935","uninportant"
"ASV_937","uninportant"
"ASV_938","uninportant"
"ASV_939","uninportant"
"ASV_940","uninportant"
"ASV_941","uninportant"
"ASV_942","uninportant"
"ASV_944","uninportant"
"ASV_945","uninportant"
"ASV_947","uninportant"
"ASV_948","uninportant"
"ASV_950","uninportant"
"ASV_952","uninportant"
"ASV_953","uninportant"
"ASV_954","uninportant"
"ASV_955","uninportant"
"ASV_956","uninportant"
"ASV_957","uninportant"
"ASV_959","uninportant"
"ASV_962","uninportant"
"ASV_963","uninportant"
"ASV_964","uninportant"
"ASV_965","uninportant"
"ASV_966","uninportant"
"ASV_967","uninportant"
"ASV_968","uninportant"
"ASV_969","uninportant"
"ASV_970","uninportant"
"ASV_971","uninportant"
"ASV_972","uninportant"
"ASV_973","uninportant"
"ASV_974","uninportant"
"ASV_975","uninportant"
"ASV_976","uninportant"
"ASV_977","uninportant"
"ASV_978","uninportant"
"ASV_980","uninportant"
"ASV_981","uninportant"
"ASV_982","uninportant"
"ASV_983","uninportant"
"ASV_984","uninportant"
"ASV_985","uninportant"
"ASV_986","uninportant"
"ASV_987","uninportant"
"ASV_988","uninportant"
"ASV_989","uninportant"
"ASV_990","uninportant"
"ASV_991","uninportant"
"ASV_994","uninportant"
"ASV_996","uninportant"
"ASV_998","uninportant"
"ASV_999","uninportant"
"ASV_1001","uninportant"
"ASV_1002","uninportant"
"ASV_1003","uninportant"
"ASV_1004","uninportant"
"ASV_1005","uninportant"
"ASV_1008","uninportant"
"ASV_1010","uninportant"
"ASV_1011","uninportant"
"ASV_1013","uninportant"
"ASV_1014","uninportant"
"ASV_1016","uninportant"
"ASV_1017","uninportant"
"ASV_1020","uninportant"
"ASV_1021","uninportant"
"ASV_1022","uninportant"
"ASV_1023","uninportant"
"ASV_1024","uninportant"
"ASV_1025","uninportant"
"ASV_1026","uninportant"
"ASV_1027","uninportant"
"ASV_1030","uninportant"
"ASV_1031","uninportant"
"ASV_1032","uninportant"
"ASV_1033","uninportant"
"ASV_1034","uninportant"
"ASV_1035","uninportant"
"ASV_1036","uninportant"
"ASV_1037","uninportant"
"ASV_1038","uninportant"
"ASV_1039","uninportant"
"ASV_1040","uninportant"
"ASV_1041","uninportant"
"ASV_1042","uninportant"
"ASV_1043","uninportant"
"ASV_1044","uninportant"
"ASV_1045","uninportant"
"ASV_1047","uninportant"
"ASV_1048","uninportant"
"ASV_1051","uninportant"
"ASV_1052","uninportant"
"ASV_1053","uninportant"
"ASV_1054","uninportant"
"ASV_1055","uninportant"
"ASV_1056","uninportant"
"ASV_1058","uninportant"
"ASV_1059","uninportant"
"ASV_1060","uninportant"
"ASV_1061","uninportant"
"ASV_1063","uninportant"
"ASV_1064","uninportant"
"ASV_1065","uninportant"
"ASV_1066","uninportant"
"ASV_1067","uninportant"
"ASV_1068","uninportant"
"ASV_1069","uninportant"
"ASV_1070","uninportant"
"ASV_1071","uninportant"
"ASV_1072","uninportant"
"ASV_1073","uninportant"
"ASV_1074","uninportant"
"ASV_1076","uninportant"
"ASV_1077","uninportant"
"ASV_1078","uninportant"
"ASV_1079","uninportant"
"ASV_1081","uninportant"
"ASV_1083","uninportant"
"ASV_1084","uninportant"
"ASV_1085","uninportant"
"ASV_1086","uninportant"
"ASV_1087","uninportant"
"ASV_1088","uninportant"
"ASV_1089","uninportant"
"ASV_1090","uninportant"
"ASV_1091","uninportant"
"ASV_1092","uninportant"
"ASV_1094","uninportant"
"ASV_1095","uninportant"
"ASV_1096","uninportant"
"ASV_1097","uninportant"
"ASV_1098","uninportant"
"ASV_1099","uninportant"
"ASV_1100","uninportant"
"ASV_1101","uninportant"
"ASV_1102","uninportant"
"ASV_1104","uninportant"
"ASV_1105","uninportant"
"ASV_1108","uninportant"
"ASV_1109","uninportant"
"ASV_1110","uninportant"
"ASV_1112","uninportant"
"ASV_1113","uninportant"
"ASV_1114","uninportant"
"ASV_1115","uninportant"
"ASV_1116","uninportant"
"ASV_1118","uninportant"
"ASV_1119","uninportant"
"ASV_1120","uninportant"
"ASV_1121","uninportant"
"ASV_1122","uninportant"
"ASV_1123","uninportant"
"ASV_1124","uninportant"
"ASV_1126","uninportant"
"ASV_1128","uninportant"
"ASV_1129","uninportant"
"ASV_1130","uninportant"
"ASV_1131","uninportant"
"ASV_1133","uninportant"
"ASV_1134","uninportant"
"ASV_1135","uninportant"
"ASV_1137","uninportant"
"ASV_1139","uninportant"
"ASV_1140","uninportant"
"ASV_1141","uninportant"
"ASV_1142","uninportant"
"ASV_1143","uninportant"
"ASV_1144","uninportant"
"ASV_1145","uninportant"
"ASV_1146","uninportant"
"ASV_1147","uninportant"
"ASV_1148","uninportant"
"ASV_1149","uninportant"
"ASV_1150","uninportant"
"ASV_1156","uninportant"
"ASV_1157","uninportant"
"ASV_1158","uninportant"
"ASV_1159","uninportant"
"ASV_1160","uninportant"
"ASV_1162","uninportant"
"ASV_1164","uninportant"
"ASV_1165","uninportant"
"ASV_1166","uninportant"
"ASV_1167","uninportant"
"ASV_1168","uninportant"
"ASV_1169","uninportant"
"ASV_1171","uninportant"
"ASV_1172","uninportant"
"ASV_1173","uninportant"
"ASV_1174","uninportant"
"ASV_1175","uninportant"
"ASV_1176","uninportant"
"ASV_1178","uninportant"
"ASV_1179","uninportant"
"ASV_1180","uninportant"
"ASV_1182","uninportant"
"ASV_1183","uninportant"
"ASV_1184","uninportant"
"ASV_1185","uninportant"
"ASV_1187","uninportant"
"ASV_1188","uninportant"
"ASV_1190","uninportant"
"ASV_1191","uninportant"
"ASV_1192","uninportant"
"ASV_1193","uninportant"
"ASV_1194","uninportant"
"ASV_1195","uninportant"
"ASV_1196","uninportant"
"ASV_1198","uninportant"
"ASV_1200","uninportant"
"ASV_1202","uninportant"
"ASV_1204","uninportant"
"ASV_1206","uninportant"
"ASV_1207","uninportant"
"ASV_1208","uninportant"
"ASV_1210","uninportant"
"ASV_1211","uninportant"
"ASV_1212","uninportant"
"ASV_1213","uninportant"
"ASV_1214","uninportant"
"ASV_1215","uninportant"
"ASV_1216","uninportant"
"ASV_1217","uninportant"
"ASV_1218","uninportant"
"ASV_1219","uninportant"
"ASV_1222","uninportant"
"ASV_1224","uninportant"
"ASV_1227","uninportant"
"ASV_1228","uninportant"
"ASV_1229","uninportant"
"ASV_1230","uninportant"
"ASV_1231","uninportant"
"ASV_1232","uninportant"
"ASV_1233","uninportant"
"ASV_1234","uninportant"
"ASV_1235","uninportant"
"ASV_1236","uninportant"
"ASV_1237","uninportant"
"ASV_1238","uninportant"
"ASV_1239","uninportant"
"ASV_1240","uninportant"
"ASV_1242","uninportant"
"ASV_1243","uninportant"
"ASV_1244","uninportant"
"ASV_1245","uninportant"
"ASV_1246","uninportant"
"ASV_1247","uninportant"
"ASV_1248","uninportant"
"ASV_1251","uninportant"
"ASV_1252","uninportant"
"ASV_1253","uninportant"
"ASV_1254","uninportant"
"ASV_1255","uninportant"
"ASV_1256","uninportant"
"ASV_1257","uninportant"
"ASV_1258","uninportant"
"ASV_1260","uninportant"
"ASV_1261","uninportant"
"ASV_1262","uninportant"
"ASV_1263","uninportant"
"ASV_1264","uninportant"
"ASV_1268","uninportant"
"ASV_1269","uninportant"
"ASV_1270","uninportant"
"ASV_1272","uninportant"
"ASV_1273","uninportant"
"ASV_1275","uninportant"
"ASV_1276","uninportant"
"ASV_1277","uninportant"
"ASV_1278","uninportant"
"ASV_1280","uninportant"
"ASV_1282","uninportant"
"ASV_1283","uninportant"
"ASV_1285","uninportant"
"ASV_1287","uninportant"
"ASV_1289","uninportant"
"ASV_1290","uninportant"
"ASV_1291","uninportant"
"ASV_1292","uninportant"
"ASV_1296","uninportant"
"ASV_1297","uninportant"
"ASV_1298","uninportant"
"ASV_1299","uninportant"
"ASV_1301","uninportant"
"ASV_1302","uninportant"
"ASV_1303","uninportant"
"ASV_1305","uninportant"
"ASV_1307","uninportant"
"ASV_1309","uninportant"
"ASV_1310","uninportant"
"ASV_1312","uninportant"
"ASV_1314","uninportant"
"ASV_1315","uninportant"
"ASV_1316","uninportant"
"ASV_1317","uninportant"
"ASV_1318","uninportant"
"ASV_1319","uninportant"
"ASV_1320","uninportant"
"ASV_1323","uninportant"
"ASV_1324","uninportant"
"ASV_1325","uninportant"
"ASV_1327","uninportant"
"ASV_1328","uninportant"
"ASV_1329","uninportant"
"ASV_1331","uninportant"
"ASV_1332","uninportant"
"ASV_1333","uninportant"
"ASV_1334","uninportant"
"ASV_1336","uninportant"
"ASV_1337","uninportant"
"ASV_1338","uninportant"
"ASV_1339","uninportant"
"ASV_1340","uninportant"
"ASV_1341","uninportant"
"ASV_1344","uninportant"
"ASV_1345","uninportant"
"ASV_1346","uninportant"
"ASV_1348","uninportant"
"ASV_1350","uninportant"
"ASV_1351","uninportant"
"ASV_1352","uninportant"
"ASV_1356","uninportant"
"ASV_1357","uninportant"
"ASV_1358","uninportant"
"ASV_1359","uninportant"
"ASV_1360","uninportant"
"ASV_1361","uninportant"
"ASV_1362","uninportant"
"ASV_1364","uninportant"
"ASV_1366","uninportant"
"ASV_1368","uninportant"
"ASV_1369","uninportant"
"ASV_1370","uninportant"
"ASV_1371","uninportant"
"ASV_1372","uninportant"
"ASV_1375","uninportant"
"ASV_1376","uninportant"
"ASV_1379","uninportant"
"ASV_1380","uninportant"
"ASV_1381","uninportant"
"ASV_1382","uninportant"
"ASV_1383","uninportant"
"ASV_1384","uninportant"
"ASV_1387","important"
"ASV_1389","uninportant"
"ASV_1390","uninportant"
"ASV_1391","uninportant"
"ASV_1392","uninportant"
"ASV_1393","uninportant"
"ASV_1396","uninportant"
"ASV_1397","uninportant"
"ASV_1398","uninportant"
"ASV_1399","uninportant"
"ASV_1401","uninportant"
"ASV_1402","uninportant"
"ASV_1403","uninportant"
"ASV_1404","uninportant"
"ASV_1405","uninportant"
"ASV_1407","uninportant"
"ASV_1408","uninportant"
"ASV_1409","uninportant"
"ASV_1410","uninportant"
"ASV_1411","uninportant"
"ASV_1413","uninportant"
"ASV_1414","uninportant"
"ASV_1415","uninportant"
"ASV_1417","uninportant"
"ASV_1418","uninportant"
"ASV_1419","uninportant"
"ASV_1420","uninportant"
"ASV_1421","uninportant"
"ASV_1423","uninportant"
"ASV_1424","uninportant"
"ASV_1426","uninportant"
"ASV_1427","uninportant"
"ASV_1428","uninportant"
"ASV_1429","uninportant"
"ASV_1430","uninportant"
"ASV_1431","uninportant"
"ASV_1432","uninportant"
"ASV_1434","uninportant"
"ASV_1439","uninportant"
"ASV_1440","uninportant"
"ASV_1442","uninportant"
"ASV_1444","uninportant"
"ASV_1446","uninportant"
"ASV_1447","uninportant"
"ASV_1448","uninportant"
"ASV_1450","uninportant"
"ASV_1451","uninportant"
"ASV_1452","uninportant"
"ASV_1453","uninportant"
"ASV_1455","uninportant"
"ASV_1458","uninportant"
"ASV_1459","uninportant"
"ASV_1460","uninportant"
"ASV_1462","uninportant"
"ASV_1463","uninportant"
"ASV_1464","uninportant"
"ASV_1466","uninportant"
"ASV_1467","uninportant"
"ASV_1468","uninportant"
"ASV_1471","uninportant"
"ASV_1472","uninportant"
"ASV_1473","uninportant"
"ASV_1474","uninportant"
"ASV_1476","uninportant"
"ASV_1477","uninportant"
"ASV_1478","uninportant"
"ASV_1479","uninportant"
"ASV_1480","uninportant"
"ASV_1481","uninportant"
"ASV_1482","uninportant"
"ASV_1484","uninportant"
"ASV_1485","uninportant"
"ASV_1487","uninportant"
"ASV_1490","uninportant"
"ASV_1491","uninportant"
"ASV_1492","uninportant"
"ASV_1493","uninportant"
"ASV_1494","uninportant"
"ASV_1495","uninportant"
"ASV_1496","uninportant"
"ASV_1499","uninportant"
"ASV_1501","uninportant"
"ASV_1502","uninportant"
"ASV_1503","uninportant"
"ASV_1504","uninportant"
"ASV_1505","uninportant"
"ASV_1507","uninportant"
"ASV_1508","uninportant"
"ASV_1509","uninportant"
"ASV_1510","uninportant"
"ASV_1511","uninportant"
"ASV_1512","uninportant"
"ASV_1514","uninportant"
"ASV_1515","uninportant"
"ASV_1518","uninportant"
"ASV_1519","uninportant"
"ASV_1520","uninportant"
"ASV_1521","uninportant"
"ASV_1524","uninportant"
"ASV_1525","uninportant"
"ASV_1526","uninportant"
"ASV_1527","uninportant"
"ASV_1530","uninportant"
"ASV_1531","uninportant"
"ASV_1532","uninportant"
"ASV_1534","uninportant"
"ASV_1536","uninportant"
"ASV_1537","uninportant"
"ASV_1538","uninportant"
"ASV_1539","uninportant"
"ASV_1541","uninportant"
"ASV_1545","uninportant"
"ASV_1546","uninportant"
"ASV_1547","uninportant"
"ASV_1550","uninportant"
"ASV_1551","uninportant"
"ASV_1552","uninportant"
"ASV_1553","uninportant"
"ASV_1554","uninportant"
"ASV_1555","uninportant"
"ASV_1556","uninportant"
"ASV_1557","uninportant"
"ASV_1558","uninportant"
"ASV_1559","uninportant"
"ASV_1561","uninportant"
"ASV_1562","uninportant"
"ASV_1563","uninportant"
"ASV_1565","uninportant"
"ASV_1566","uninportant"
"ASV_1568","uninportant"
"ASV_1569","uninportant"
"ASV_1570","uninportant"
"ASV_1572","uninportant"
"ASV_1573","uninportant"
"ASV_1575","uninportant"
"ASV_1577","uninportant"
"ASV_1578","uninportant"
"ASV_1581","uninportant"
"ASV_1582","uninportant"
"ASV_1583","uninportant"
"ASV_1584","uninportant"
"ASV_1585","uninportant"
"ASV_1586","uninportant"
"ASV_1587","uninportant"
"ASV_1588","uninportant"
"ASV_1589","uninportant"
"ASV_1590","uninportant"
"ASV_1592","uninportant"
"ASV_1593","uninportant"
"ASV_1596","uninportant"
"ASV_1599","uninportant"
"ASV_1602","uninportant"
"ASV_1604","uninportant"
"ASV_1605","uninportant"
"ASV_1607","uninportant"
"ASV_1610","uninportant"
"ASV_1612","uninportant"
"ASV_1615","uninportant"
"ASV_1616","uninportant"
"ASV_1620","uninportant"
"ASV_1621","uninportant"
"ASV_1623","uninportant"
"ASV_1624","uninportant"
"ASV_1630","uninportant"
"ASV_1633","uninportant"
"ASV_1634","uninportant"
"ASV_1637","uninportant"
"ASV_1639","uninportant"
"ASV_1643","uninportant"
"ASV_1644","uninportant"
"ASV_1645","uninportant"
"ASV_1646","uninportant"
"ASV_1647","uninportant"
"ASV_1650","uninportant"
"ASV_1651","uninportant"
"ASV_1652","uninportant"
"ASV_1653","uninportant"
"ASV_1654","uninportant"
"ASV_1655","uninportant"
"ASV_1656","uninportant"
"ASV_1657","uninportant"
"ASV_1658","uninportant"
"ASV_1659","uninportant"
"ASV_1661","uninportant"
"ASV_1662","uninportant"
"ASV_1665","uninportant"
"ASV_1667","uninportant"
"ASV_1668","uninportant"
"ASV_1669","uninportant"
"ASV_1670","uninportant"
"ASV_1676","uninportant"
"ASV_1678","uninportant"
"ASV_1680","uninportant"
"ASV_1681","uninportant"
"ASV_1682","uninportant"
"ASV_1683","uninportant"
"ASV_1685","uninportant"
"ASV_1686","uninportant"
"ASV_1689","uninportant"
"ASV_1691","uninportant"
"ASV_1692","uninportant"
"ASV_1693","uninportant"
"ASV_1694","uninportant"
"ASV_1695","uninportant"
"ASV_1696","uninportant"
"ASV_1697","uninportant"
"ASV_1698","uninportant"
"ASV_1699","uninportant"
"ASV_1702","uninportant"
"ASV_1703","uninportant"
"ASV_1704","uninportant"
"ASV_1705","uninportant"
"ASV_1706","uninportant"
"ASV_1713","uninportant"
"ASV_1714","uninportant"
"ASV_1715","uninportant"
"ASV_1716","uninportant"
"ASV_1721","uninportant"
"ASV_1723","uninportant"
"ASV_1724","uninportant"
"ASV_1725","uninportant"
"ASV_1727","uninportant"
"ASV_1729","uninportant"
"ASV_1730","uninportant"
"ASV_1731","uninportant"
"ASV_1733","uninportant"
"ASV_1734","uninportant"
"ASV_1736","uninportant"
"ASV_1737","uninportant"
"ASV_1740","uninportant"
"ASV_1741","uninportant"
"ASV_1743","uninportant"
"ASV_1744","uninportant"
"ASV_1745","uninportant"
"ASV_1746","uninportant"
"ASV_1749","uninportant"
"ASV_1750","uninportant"
"ASV_1751","uninportant"
"ASV_1753","uninportant"
"ASV_1755","uninportant"
"ASV_1757","uninportant"
"ASV_1758","uninportant"
"ASV_1760","uninportant"
"ASV_1761","uninportant"
"ASV_1765","uninportant"
"ASV_1766","uninportant"
"ASV_1767","uninportant"
"ASV_1768","uninportant"
"ASV_1770","uninportant"
"ASV_1772","uninportant"
"ASV_1775","uninportant"
"ASV_1776","uninportant"
"ASV_1777","uninportant"
"ASV_1778","uninportant"
"ASV_1780","uninportant"
"ASV_1781","uninportant"
"ASV_1782","uninportant"
"ASV_1783","uninportant"
"ASV_1784","uninportant"
"ASV_1785","uninportant"
"ASV_1790","uninportant"
"ASV_1791","uninportant"
"ASV_1792","uninportant"
"ASV_1793","uninportant"
"ASV_1794","uninportant"
"ASV_1795","uninportant"
"ASV_1796","uninportant"
"ASV_1798","uninportant"
"ASV_1799","uninportant"
"ASV_1800","uninportant"
"ASV_1801","uninportant"
"ASV_1802","uninportant"
"ASV_1805","uninportant"
"ASV_1807","uninportant"
"ASV_1808","uninportant"
"ASV_1809","uninportant"
"ASV_1810","uninportant"
"ASV_1811","uninportant"
"ASV_1814","uninportant"
"ASV_1817","uninportant"
"ASV_1820","uninportant"
"ASV_1821","uninportant"
"ASV_1823","uninportant"
"ASV_1824","uninportant"
"ASV_1827","uninportant"
"ASV_1829","uninportant"
"ASV_1830","uninportant"
"ASV_1833","uninportant"
"ASV_1834","uninportant"
"ASV_1835","uninportant"
"ASV_1836","uninportant"
"ASV_1839","uninportant"
"ASV_1840","uninportant"
"ASV_1841","uninportant"
"ASV_1845","uninportant"
"ASV_1847","uninportant"
"ASV_1848","uninportant"
"ASV_1850","uninportant"
"ASV_1851","uninportant"
"ASV_1853","uninportant"
"ASV_1854","uninportant"
"ASV_1855","uninportant"
"ASV_1856","uninportant"
"ASV_1857","uninportant"
"ASV_1858","uninportant"
"ASV_1860","uninportant"
"ASV_1863","uninportant"
"ASV_1864","uninportant"
"ASV_1865","uninportant"
"ASV_1867","uninportant"
"ASV_1868","uninportant"
"ASV_1869","uninportant"
"ASV_1872","uninportant"
"ASV_1875","uninportant"
"ASV_1878","uninportant"
"ASV_1882","uninportant"
"ASV_1883","uninportant"
"ASV_1887","uninportant"
"ASV_1888","uninportant"
"ASV_1889","uninportant"
"ASV_1890","uninportant"
"ASV_1891","uninportant"
"ASV_1892","uninportant"
"ASV_1893","uninportant"
"ASV_1894","uninportant"
"ASV_1895","uninportant"
"ASV_1896","uninportant"
"ASV_1897","uninportant"
"ASV_1900","uninportant"
"ASV_1901","uninportant"
"ASV_1904","uninportant"
"ASV_1908","uninportant"
"ASV_1909","uninportant"
"ASV_1912","uninportant"
"ASV_1913","uninportant"
"ASV_1914","uninportant"
"ASV_1915","uninportant"
"ASV_1916","uninportant"
"ASV_1917","uninportant"
"ASV_1918","uninportant"
"ASV_1919","uninportant"
"ASV_1921","uninportant"
"ASV_1923","uninportant"
"ASV_1924","uninportant"
"ASV_1925","uninportant"
"ASV_1927","uninportant"
"ASV_1928","uninportant"
"ASV_1930","uninportant"
"ASV_1931","uninportant"
"ASV_1932","uninportant"
"ASV_1933","uninportant"
"ASV_1935","uninportant"
"ASV_1936","uninportant"
"ASV_1937","uninportant"
"ASV_1941","uninportant"
"ASV_1943","uninportant"
"ASV_1944","uninportant"
"ASV_1945","uninportant"
"ASV_1946","uninportant"
"ASV_1947","uninportant"
"ASV_1948","uninportant"
"ASV_1949","uninportant"
"ASV_1950","uninportant"
"ASV_1951","uninportant"
"ASV_1956","uninportant"
"ASV_1960","uninportant"
"ASV_1961","uninportant"
"ASV_1962","uninportant"
"ASV_1966","uninportant"
"ASV_1967","uninportant"
"ASV_1968","uninportant"
"ASV_1970","uninportant"
"ASV_1972","uninportant"
"ASV_1975","uninportant"
"ASV_1976","uninportant"
"ASV_1978","uninportant"
"ASV_1980","uninportant"
"ASV_1981","uninportant"
"ASV_1982","uninportant"
"ASV_1984","uninportant"
"ASV_1985","uninportant"
"ASV_1987","uninportant"
"ASV_1988","uninportant"
"ASV_1991","uninportant"
"ASV_1992","uninportant"
"ASV_1993","uninportant"
"ASV_1994","uninportant"
"ASV_1995","uninportant"
"ASV_1996","uninportant"
"ASV_1997","uninportant"
"ASV_2002","uninportant"
"ASV_2003","uninportant"
"ASV_2008","uninportant"
"ASV_2009","uninportant"
"ASV_2010","uninportant"
"ASV_2011","uninportant"
"ASV_2014","uninportant"
"ASV_2019","uninportant"
"ASV_2020","uninportant"
"ASV_2021","uninportant"
"ASV_2022","uninportant"
"ASV_2023","uninportant"
"ASV_2024","uninportant"
"ASV_2026","uninportant"
"ASV_2029","uninportant"
"ASV_2031","uninportant"
"ASV_2032","uninportant"
"ASV_2033","uninportant"
"ASV_2034","uninportant"
"ASV_2035","uninportant"
"ASV_2036","uninportant"
"ASV_2038","uninportant"
"ASV_2039","uninportant"
"ASV_2040","uninportant"
"ASV_2042","uninportant"
"ASV_2043","uninportant"
"ASV_2047","uninportant"
"ASV_2048","uninportant"
"ASV_2050","uninportant"
"ASV_2051","uninportant"
"ASV_2052","uninportant"
"ASV_2060","uninportant"
"ASV_2061","uninportant"
"ASV_2063","uninportant"
"ASV_2064","uninportant"
"ASV_2065","uninportant"
"ASV_2066","uninportant"
"ASV_2067","uninportant"
"ASV_2068","uninportant"
"ASV_2069","uninportant"
"ASV_2070","uninportant"
"ASV_2074","uninportant"
"ASV_2078","uninportant"
"ASV_2080","uninportant"
"ASV_2081","uninportant"
"ASV_2082","uninportant"
"ASV_2083","uninportant"
"ASV_2084","uninportant"
"ASV_2085","uninportant"
"ASV_2087","uninportant"
"ASV_2088","uninportant"
"ASV_2090","uninportant"
"ASV_2091","uninportant"
"ASV_2092","uninportant"
"ASV_2094","uninportant"
"ASV_2098","uninportant"
"ASV_2099","uninportant"
"ASV_2106","uninportant"
"ASV_2108","uninportant"
"ASV_2113","uninportant"
"ASV_2114","uninportant"
"ASV_2115","uninportant"
"ASV_2116","uninportant"
"ASV_2117","uninportant"
"ASV_2121","uninportant"
"ASV_2125","uninportant"
"ASV_2126","uninportant"
"ASV_2127","uninportant"
"ASV_2129","uninportant"
"ASV_2130","uninportant"
"ASV_2131","uninportant"
"ASV_2136","uninportant"
"ASV_2139","uninportant"
"ASV_2144","uninportant"
"ASV_2145","uninportant"
"ASV_2146","uninportant"
"ASV_2148","uninportant"
"ASV_2149","uninportant"
"ASV_2150","uninportant"
"ASV_2151","uninportant"
"ASV_2154","uninportant"
"ASV_2155","uninportant"
"ASV_2156","uninportant"
"ASV_2160","uninportant"
"ASV_2161","uninportant"
"ASV_2162","uninportant"
"ASV_2164","uninportant"
"ASV_2165","uninportant"
"ASV_2167","uninportant"
"ASV_2168","uninportant"
"ASV_2169","uninportant"
"ASV_2171","uninportant"
"ASV_2173","uninportant"
"ASV_2176","uninportant"
"ASV_2181","uninportant"
"ASV_2184","uninportant"
"ASV_2187","uninportant"
"ASV_2188","uninportant"
"ASV_2190","uninportant"
"ASV_2191","uninportant"
"ASV_2192","uninportant"
"ASV_2193","uninportant"
"ASV_2197","uninportant"
"ASV_2200","uninportant"
"ASV_2203","uninportant"
"ASV_2204","uninportant"
"ASV_2205","uninportant"
"ASV_2206","uninportant"
"ASV_2208","uninportant"
"ASV_2211","uninportant"
"ASV_2212","uninportant"
"ASV_2213","uninportant"
"ASV_2215","uninportant"
"ASV_2218","uninportant"
"ASV_2219","uninportant"
"ASV_2220","uninportant"
"ASV_2223","uninportant"
"ASV_2224","uninportant"
"ASV_2227","uninportant"
"ASV_2229","uninportant"
"ASV_2230","uninportant"
"ASV_2233","uninportant"
"ASV_2234","uninportant"
"ASV_2236","uninportant"
"ASV_2238","uninportant"
"ASV_2240","uninportant"
"ASV_2243","uninportant"
"ASV_2247","uninportant"
"ASV_2249","uninportant"
"ASV_2251","uninportant"
"ASV_2252","uninportant"
"ASV_2254","uninportant"
"ASV_2255","uninportant"
"ASV_2257","uninportant"
"ASV_2259","uninportant"
"ASV_2263","uninportant"
"ASV_2264","uninportant"
"ASV_2266","uninportant"
"ASV_2267","uninportant"
"ASV_2269","uninportant"
"ASV_2272","uninportant"
"ASV_2273","uninportant"
"ASV_2278","uninportant"
"ASV_2280","uninportant"
"ASV_2284","uninportant"
"ASV_2285","uninportant"
"ASV_2286","uninportant"
"ASV_2289","uninportant"
"ASV_2290","uninportant"
"ASV_2292","uninportant"
"ASV_2293","uninportant"
"ASV_2294","uninportant"
"ASV_2295","uninportant"
"ASV_2297","uninportant"
"ASV_2298","uninportant"
"ASV_2299","uninportant"
"ASV_2300","uninportant"
"ASV_2301","uninportant"
"ASV_2302","uninportant"
"ASV_2303","uninportant"
"ASV_2305","uninportant"
"ASV_2308","uninportant"
"ASV_2309","uninportant"
"ASV_2312","uninportant"
"ASV_2314","uninportant"
"ASV_2317","uninportant"
"ASV_2318","uninportant"
"ASV_2320","uninportant"
"ASV_2321","uninportant"
"ASV_2322","uninportant"
"ASV_2325","uninportant"
"ASV_2326","uninportant"
"ASV_2327","uninportant"
"ASV_2330","uninportant"
"ASV_2331","uninportant"
"ASV_2333","uninportant"
"ASV_2334","uninportant"
"ASV_2335","uninportant"
"ASV_2336","uninportant"
"ASV_2338","uninportant"
"ASV_2340","uninportant"
"ASV_2341","uninportant"
"ASV_2343","uninportant"
"ASV_2346","uninportant"
"ASV_2350","uninportant"
"ASV_2351","uninportant"
"ASV_2352","uninportant"
"ASV_2353","uninportant"
"ASV_2359","uninportant"
"ASV_2360","uninportant"
"ASV_2362","uninportant"
"ASV_2367","uninportant"
"ASV_2368","uninportant"
"ASV_2371","uninportant"
"ASV_2373","uninportant"
"ASV_2374","uninportant"
"ASV_2376","uninportant"
"ASV_2378","uninportant"
"ASV_2379","uninportant"
"ASV_2380","uninportant"
"ASV_2383","uninportant"
"ASV_2385","uninportant"
"ASV_2386","uninportant"
"ASV_2388","uninportant"
"ASV_2390","uninportant"
"ASV_2395","uninportant"
"ASV_2396","uninportant"
"ASV_2399","uninportant"
"ASV_2400","uninportant"
"ASV_2404","uninportant"
"ASV_2409","uninportant"
"ASV_2410","uninportant"
"ASV_2413","uninportant"
"ASV_2414","uninportant"
"ASV_2417","uninportant"
"ASV_2419","uninportant"
"ASV_2421","uninportant"
"ASV_2422","uninportant"
"ASV_2423","uninportant"
"ASV_2424","uninportant"
"ASV_2428","uninportant"
"ASV_2430","uninportant"
"ASV_2433","uninportant"
"ASV_2434","uninportant"
"ASV_2435","uninportant"
"ASV_2440","uninportant"
"ASV_2441","uninportant"
"ASV_2442","uninportant"
"ASV_2443","uninportant"
"ASV_2451","uninportant"
"ASV_2452","uninportant"
"ASV_2454","uninportant"
"ASV_2455","uninportant"
"ASV_2456","uninportant"
"ASV_2458","uninportant"
"ASV_2459","uninportant"
"ASV_2467","uninportant"
"ASV_2470","uninportant"
"ASV_2471","uninportant"
"ASV_2472","uninportant"
"ASV_2473","uninportant"
"ASV_2475","uninportant"
"ASV_2477","uninportant"
"ASV_2479","uninportant"
"ASV_2480","uninportant"
"ASV_2481","uninportant"
"ASV_2483","uninportant"
"ASV_2484","uninportant"
"ASV_2485","uninportant"
"ASV_2486","uninportant"
"ASV_2488","uninportant"
"ASV_2491","uninportant"
"ASV_2492","uninportant"
"ASV_2493","uninportant"
"ASV_2494","uninportant"
"ASV_2501","uninportant"
"ASV_2502","uninportant"
"ASV_2503","uninportant"
"ASV_2504","uninportant"
"ASV_2505","uninportant"
"ASV_2506","uninportant"
"ASV_2507","uninportant"
"ASV_2510","uninportant"
"ASV_2511","uninportant"
"ASV_2521","uninportant"
"ASV_2522","uninportant"
"ASV_2523","uninportant"
"ASV_2524","uninportant"
"ASV_2526","uninportant"
"ASV_2527","uninportant"
"ASV_2529","uninportant"
"ASV_2530","uninportant"
"ASV_2532","uninportant"
"ASV_2533","uninportant"
"ASV_2534","uninportant"
"ASV_2535","uninportant"
"ASV_2536","uninportant"
"ASV_2537","uninportant"
"ASV_2539","uninportant"
"ASV_2541","uninportant"
"ASV_2542","uninportant"
"ASV_2543","uninportant"
"ASV_2545","uninportant"
"ASV_2547","uninportant"
"ASV_2548","uninportant"
"ASV_2549","uninportant"
"ASV_2551","uninportant"
"ASV_2554","uninportant"
"ASV_2556","uninportant"
"ASV_2562","uninportant"
"ASV_2563","uninportant"
"ASV_2564","uninportant"
"ASV_2568","uninportant"
"ASV_2569","uninportant"
"ASV_2571","uninportant"
"ASV_2573","uninportant"
"ASV_2574","uninportant"
"ASV_2578","uninportant"
"ASV_2580","uninportant"
"ASV_2581","uninportant"
"ASV_2583","uninportant"
"ASV_2585","uninportant"
"ASV_2586","uninportant"
"ASV_2587","uninportant"
"ASV_2590","uninportant"
"ASV_2594","uninportant"
"ASV_2595","uninportant"
"ASV_2596","uninportant"
"ASV_2597","uninportant"
"ASV_2598","uninportant"
"ASV_2599","uninportant"
"ASV_2601","uninportant"
"ASV_2602","uninportant"
"ASV_2603","uninportant"
"ASV_2607","uninportant"
"ASV_2609","uninportant"
"ASV_2611","uninportant"
"ASV_2612","uninportant"
"ASV_2613","uninportant"
"ASV_2616","uninportant"
"ASV_2617","uninportant"
"ASV_2620","uninportant"
"ASV_2625","uninportant"
"ASV_2627","uninportant"
"ASV_2628","uninportant"
"ASV_2630","uninportant"
"ASV_2631","uninportant"
"ASV_2640","uninportant"
"ASV_2641","uninportant"
"ASV_2643","uninportant"
"ASV_2644","uninportant"
"ASV_2645","uninportant"
"ASV_2646","uninportant"
"ASV_2651","uninportant"
"ASV_2655","uninportant"
"ASV_2657","uninportant"
"ASV_2661","uninportant"
"ASV_2662","uninportant"
"ASV_2663","uninportant"
"ASV_2664","uninportant"
"ASV_2666","uninportant"
"ASV_2667","uninportant"
"ASV_2668","uninportant"
"ASV_2669","uninportant"
"ASV_2670","uninportant"
"ASV_2671","uninportant"
"ASV_2672","uninportant"
"ASV_2673","uninportant"
"ASV_2675","uninportant"
"ASV_2678","uninportant"
"ASV_2685","uninportant"
"ASV_2686","uninportant"
"ASV_2687","uninportant"
"ASV_2690","uninportant"
"ASV_2691","uninportant"
"ASV_2695","uninportant"
"ASV_2696","uninportant"
"ASV_2697","uninportant"
"ASV_2706","uninportant"
"ASV_2707","uninportant"
"ASV_2708","uninportant"
"ASV_2709","uninportant"
"ASV_2713","uninportant"
"ASV_2714","uninportant"
"ASV_2717","uninportant"
"ASV_2718","uninportant"
"ASV_2720","uninportant"
"ASV_2721","uninportant"
"ASV_2726","uninportant"
"ASV_2727","uninportant"
"ASV_2728","uninportant"
"ASV_2731","uninportant"
"ASV_2732","uninportant"
"ASV_2739","uninportant"
"ASV_2740","uninportant"
"ASV_2741","uninportant"
"ASV_2744","uninportant"
"ASV_2749","uninportant"
"ASV_2755","uninportant"
"ASV_2757","uninportant"
"ASV_2758","uninportant"
"ASV_2759","uninportant"
"ASV_2760","uninportant"
"ASV_2763","uninportant"
"ASV_2766","uninportant"
"ASV_2772","uninportant"
"ASV_2781","uninportant"
"ASV_2782","uninportant"
"ASV_2791","uninportant"
"ASV_2793","uninportant"
"ASV_2799","uninportant"
"ASV_2800","uninportant"
"ASV_2804","uninportant"
"ASV_2807","uninportant"
"ASV_2808","uninportant"
"ASV_2809","uninportant"
"ASV_2815","uninportant"
"ASV_2821","uninportant"
"ASV_2823","uninportant"
"ASV_2825","uninportant"
"ASV_2829","uninportant"
"ASV_2831","uninportant"
"ASV_2832","uninportant"
"ASV_2833","uninportant"
"ASV_2837","uninportant"
"ASV_2840","uninportant"
"ASV_2841","uninportant"
"ASV_2842","uninportant"
"ASV_2845","uninportant"
"ASV_2846","uninportant"
"ASV_2847","uninportant"
"ASV_2850","uninportant"
"ASV_2854","uninportant"
"ASV_2855","uninportant"
"ASV_2856","uninportant"
"ASV_2857","uninportant"
"ASV_2862","uninportant"
"ASV_2871","uninportant"
"ASV_2873","uninportant"
"ASV_2876","uninportant"
"ASV_2877","uninportant"
"ASV_2878","uninportant"
"ASV_2881","uninportant"
"ASV_2883","uninportant"
"ASV_2888","uninportant"
"ASV_2889","uninportant"
"ASV_2890","uninportant"
"ASV_2895","uninportant"
"ASV_2896","uninportant"
"ASV_2897","uninportant"
"ASV_2902","uninportant"
"ASV_2903","uninportant"
"ASV_2904","uninportant"
"ASV_2908","uninportant"
"ASV_2909","uninportant"
"ASV_2910","uninportant"
"ASV_2911","uninportant"
"ASV_2914","uninportant"
"ASV_2917","uninportant"
"ASV_2918","uninportant"
"ASV_2922","uninportant"
"ASV_2925","uninportant"
"ASV_2926","uninportant"
"ASV_2927","uninportant"
"ASV_2928","uninportant"
"ASV_2932","uninportant"
"ASV_2939","uninportant"
"ASV_2940","uninportant"
"ASV_2941","uninportant"
"ASV_2943","uninportant"
"ASV_2944","uninportant"
"ASV_2953","uninportant"
"ASV_2958","uninportant"
"ASV_2961","uninportant"
"ASV_2962","uninportant"
"ASV_2964","uninportant"
"ASV_2974","uninportant"
"ASV_2975","uninportant"
"ASV_2978","uninportant"
"ASV_2981","uninportant"
"ASV_2982","uninportant"
"ASV_2987","uninportant"
"ASV_2990","uninportant"
"ASV_2991","uninportant"
"ASV_2993","uninportant"
"ASV_2995","uninportant"
"ASV_2998","uninportant"
"ASV_3001","uninportant"
"ASV_3003","uninportant"
"ASV_3009","uninportant"
"ASV_3010","uninportant"
"ASV_3012","uninportant"
"ASV_3017","uninportant"
"ASV_3020","uninportant"
"ASV_3021","uninportant"
"ASV_3024","uninportant"
"ASV_3025","uninportant"
"ASV_3026","uninportant"
"ASV_3027","uninportant"
"ASV_3028","uninportant"
"ASV_3031","uninportant"
"ASV_3032","uninportant"
"ASV_3033","uninportant"
"ASV_3037","uninportant"
"ASV_3040","uninportant"
"ASV_3041","uninportant"
"ASV_3042","uninportant"
"ASV_3043","uninportant"
"ASV_3046","uninportant"
"ASV_3048","uninportant"
"ASV_3052","uninportant"
"ASV_3059","uninportant"
"ASV_3064","uninportant"
"ASV_3066","uninportant"
"ASV_3074","uninportant"
"ASV_3075","uninportant"
"ASV_3078","uninportant"
"ASV_3079","uninportant"
"ASV_3080","uninportant"
"ASV_3081","uninportant"
"ASV_3082","uninportant"
"ASV_3083","uninportant"
"ASV_3084","uninportant"
"ASV_3085","uninportant"
"ASV_3089","uninportant"
"ASV_3090","uninportant"
"ASV_3091","uninportant"
"ASV_3096","uninportant"
"ASV_3097","uninportant"
"ASV_3101","uninportant"
"ASV_3103","uninportant"
"ASV_3105","uninportant"
"ASV_3111","uninportant"
"ASV_3119","uninportant"
"ASV_3120","uninportant"
"ASV_3121","uninportant"
"ASV_3131","uninportant"
"ASV_3132","uninportant"
"ASV_3133","uninportant"
"ASV_3134","uninportant"
"ASV_3135","uninportant"
"ASV_3136","uninportant"
"ASV_3138","uninportant"
"ASV_3143","uninportant"
"ASV_3146","uninportant"
"ASV_3154","uninportant"
"ASV_3155","uninportant"
"ASV_3156","uninportant"
"ASV_3157","uninportant"
"ASV_3159","uninportant"
"ASV_3163","uninportant"
"ASV_3164","uninportant"
"ASV_3165","uninportant"
"ASV_3167","uninportant"
"ASV_3174","uninportant"
"ASV_3175","uninportant"
"ASV_3177","uninportant"
"ASV_3178","uninportant"
"ASV_3184","uninportant"
"ASV_3186","uninportant"
"ASV_3193","uninportant"
"ASV_3195","uninportant"
"ASV_3196","uninportant"
"ASV_3198","uninportant"
"ASV_3202","uninportant"
"ASV_3203","uninportant"
"ASV_3205","uninportant"
"ASV_3207","uninportant"
"ASV_3210","uninportant"
"ASV_3212","uninportant"
"ASV_3213","uninportant"
"ASV_3219","uninportant"
"ASV_3220","uninportant"
"ASV_3221","uninportant"
"ASV_3227","uninportant"
"ASV_3229","uninportant"
"ASV_3231","uninportant"
"ASV_3232","uninportant"
"ASV_3236","uninportant"
"ASV_3242","uninportant"
"ASV_3243","uninportant"
"ASV_3244","uninportant"
"ASV_3246","uninportant"
"ASV_3247","uninportant"
"ASV_3250","uninportant"
"ASV_3263","uninportant"
"ASV_3265","uninportant"
"ASV_3266","uninportant"
"ASV_3269","uninportant"
"ASV_3270","uninportant"
"ASV_3271","uninportant"
"ASV_3272","uninportant"
"ASV_3273","uninportant"
"ASV_3276","uninportant"
"ASV_3278","uninportant"
"ASV_3284","uninportant"
"ASV_3288","uninportant"
"ASV_3292","uninportant"
"ASV_3294","uninportant"
"ASV_3295","uninportant"
"ASV_3296","uninportant"
"ASV_3299","uninportant"
"ASV_3300","uninportant"
"ASV_3301","uninportant"
"ASV_3302","uninportant"
"ASV_3303","uninportant"
"ASV_3306","uninportant"
"ASV_3307","uninportant"
"ASV_3312","uninportant"
"ASV_3314","uninportant"
"ASV_3319","uninportant"
"ASV_3320","uninportant"
"ASV_3322","uninportant"
"ASV_3331","uninportant"
"ASV_3332","uninportant"
"ASV_3333","uninportant"
"ASV_3341","uninportant"
"ASV_3349","uninportant"
"ASV_3352","uninportant"
"ASV_3353","uninportant"
"ASV_3357","uninportant"
"ASV_3361","uninportant"
"ASV_3362","uninportant"
"ASV_3364","uninportant"
"ASV_3368","uninportant"
"ASV_3369","uninportant"
"ASV_3370","uninportant"
"ASV_3373","uninportant"
"ASV_3374","uninportant"
"ASV_3375","uninportant"
"ASV_3376","uninportant"
"ASV_3377","uninportant"
"ASV_3381","uninportant"
"ASV_3382","uninportant"
"ASV_3385","uninportant"
"ASV_3387","uninportant"
"ASV_3389","uninportant"
"ASV_3394","uninportant"
"ASV_3395","uninportant"
"ASV_3399","uninportant"
"ASV_3402","uninportant"
"ASV_3403","uninportant"
"ASV_3406","uninportant"
"ASV_3408","uninportant"
"ASV_3415","uninportant"
"ASV_3416","uninportant"
"ASV_3426","uninportant"
"ASV_3427","uninportant"
"ASV_3428","uninportant"
"ASV_3434","uninportant"
"ASV_3441","uninportant"
"ASV_3442","uninportant"
"ASV_3443","uninportant"
"ASV_3444","uninportant"
"ASV_3445","uninportant"
"ASV_3446","uninportant"
"ASV_3447","uninportant"
"ASV_3448","uninportant"
"ASV_3449","uninportant"
"ASV_3460","uninportant"
"ASV_3461","uninportant"
"ASV_3465","uninportant"
"ASV_3466","uninportant"
"ASV_3467","uninportant"
"ASV_3470","uninportant"
"ASV_3471","uninportant"
"ASV_3472","uninportant"
"ASV_3473","uninportant"
"ASV_3478","uninportant"
"ASV_3479","uninportant"
"ASV_3480","uninportant"
"ASV_3481","uninportant"
"ASV_3482","uninportant"
"ASV_3483","uninportant"
"ASV_3484","uninportant"
"ASV_3487","uninportant"
"ASV_3488","uninportant"
"ASV_3489","uninportant"
"ASV_3493","uninportant"
"ASV_3494","uninportant"
"ASV_3499","uninportant"
"ASV_3501","uninportant"
"ASV_3502","uninportant"
"ASV_3503","uninportant"
"ASV_3505","uninportant"
"ASV_3511","uninportant"
"ASV_3512","uninportant"
"ASV_3513","uninportant"
"ASV_3514","uninportant"
"ASV_3518","uninportant"
"ASV_3519","uninportant"
"ASV_3520","uninportant"
"ASV_3521","uninportant"
"ASV_3523","uninportant"
"ASV_3526","uninportant"
"ASV_3535","uninportant"
"ASV_3536","uninportant"
"ASV_3537","uninportant"
"ASV_3538","uninportant"
"ASV_3539","uninportant"
"ASV_3546","uninportant"
"ASV_3550","uninportant"
"ASV_3551","uninportant"
"ASV_3552","uninportant"
"ASV_3557","uninportant"
"ASV_3561","uninportant"
"ASV_3562","uninportant"
"ASV_3563","uninportant"
"ASV_3571","uninportant"
"ASV_3576","uninportant"
"ASV_3584","uninportant"
"ASV_3585","uninportant"
"ASV_3586","uninportant"
"ASV_3587","uninportant"
"ASV_3591","uninportant"
"ASV_3592","uninportant"
"ASV_3595","uninportant"
"ASV_3597","uninportant"
"ASV_3598","uninportant"
"ASV_3599","uninportant"
"ASV_3600","uninportant"
"ASV_3602","uninportant"
"ASV_3603","uninportant"
"ASV_3616","uninportant"
"ASV_3617","uninportant"
"ASV_3618","uninportant"
"ASV_3619","uninportant"
"ASV_3620","uninportant"
"ASV_3621","uninportant"
"ASV_3622","uninportant"
"ASV_3626","uninportant"
"ASV_3627","uninportant"
"ASV_3648","uninportant"
"ASV_3651","uninportant"
"ASV_3655","uninportant"
"ASV_3656","uninportant"
"ASV_3658","uninportant"
"ASV_3659","uninportant"
"ASV_3660","uninportant"
"ASV_3661","uninportant"
"ASV_3662","uninportant"
"ASV_3667","uninportant"
"ASV_3669","uninportant"
"ASV_3670","uninportant"
"ASV_3679","uninportant"
"ASV_3680","uninportant"
"ASV_3689","uninportant"
"ASV_3693","uninportant"
"ASV_3696","uninportant"
"ASV_3697","uninportant"
"ASV_3705","uninportant"
"ASV_3706","uninportant"
"ASV_3707","uninportant"
"ASV_3709","uninportant"
"ASV_3712","uninportant"
"ASV_3713","uninportant"
"ASV_3714","uninportant"
"ASV_3715","uninportant"
"ASV_3717","uninportant"
"ASV_3721","uninportant"
"ASV_3724","uninportant"
"ASV_3728","uninportant"
"ASV_3735","uninportant"
"ASV_3736","uninportant"
"ASV_3737","uninportant"
"ASV_3738","uninportant"
"ASV_3740","uninportant"
"ASV_3745","uninportant"
"ASV_3750","uninportant"
"ASV_3751","uninportant"
"ASV_3754","uninportant"
"ASV_3761","uninportant"
"ASV_3765","uninportant"
"ASV_3767","uninportant"
"ASV_3770","uninportant"
"ASV_3771","uninportant"
"ASV_3779","uninportant"
"ASV_3784","uninportant"
"ASV_3785","uninportant"
"ASV_3786","uninportant"
"ASV_3787","uninportant"
"ASV_3788","uninportant"
"ASV_3789","uninportant"
"ASV_3790","uninportant"
"ASV_3791","uninportant"
"ASV_3795","uninportant"
"ASV_3797","uninportant"
"ASV_3800","uninportant"
"ASV_3810","uninportant"
"ASV_3812","uninportant"
"ASV_3824","uninportant"
"ASV_3830","uninportant"
"ASV_3833","uninportant"
"ASV_3835","uninportant"
"ASV_3837","uninportant"
"ASV_3839","uninportant"
"ASV_3841","uninportant"
"ASV_3859","uninportant"
"ASV_3869","uninportant"
"ASV_3873","uninportant"
"ASV_3874","uninportant"
"ASV_3875","uninportant"
"ASV_3881","uninportant"
"ASV_3885","uninportant"
"ASV_3886","uninportant"
"ASV_3888","uninportant"
"ASV_3889","uninportant"
"ASV_3890","uninportant"
"ASV_3891","uninportant"
"ASV_3905","uninportant"
"ASV_3906","uninportant"
"ASV_3907","uninportant"
"ASV_3908","uninportant"
"ASV_3915","uninportant"
"ASV_3921","uninportant"
"ASV_3922","uninportant"
"ASV_3923","uninportant"
"ASV_3924","uninportant"
"ASV_3925","uninportant"
"ASV_3926","uninportant"
"ASV_3927","uninportant"
"ASV_3936","uninportant"
"ASV_3946","uninportant"
"ASV_3947","uninportant"
"ASV_3956","uninportant"
"ASV_3957","uninportant"
"ASV_3958","uninportant"
"ASV_3966","uninportant"
"ASV_3971","uninportant"
"ASV_3975","uninportant"
"ASV_3976","uninportant"
"ASV_3977","uninportant"
"ASV_3978","uninportant"
"ASV_3979","uninportant"
"ASV_3980","uninportant"
"ASV_3981","uninportant"
"ASV_3982","uninportant"
"ASV_3988","uninportant"
"ASV_3989","uninportant"
"ASV_3990","uninportant"
"ASV_3991","uninportant"
"ASV_3992","uninportant"
"ASV_3993","uninportant"
"ASV_3996","uninportant"
"ASV_3997","uninportant"
"ASV_4008","uninportant"
"ASV_4009","uninportant"
"ASV_4016","uninportant"
"ASV_4024","uninportant"
"ASV_4026","uninportant"
"ASV_4030","uninportant"
"ASV_4032","uninportant"
"ASV_4034","uninportant"
"ASV_4035","uninportant"
"ASV_4036","uninportant"
"ASV_4037","uninportant"
"ASV_4038","uninportant"
"ASV_4039","uninportant"
"ASV_4054","uninportant"
"ASV_4057","uninportant"
"ASV_4058","uninportant"
"ASV_4064","uninportant"
"ASV_4065","uninportant"
"ASV_4071","uninportant"
"ASV_4072","uninportant"
"ASV_4073","uninportant"
"ASV_4074","uninportant"
"ASV_4075","uninportant"
"ASV_4076","uninportant"
"ASV_4077","uninportant"
"ASV_4083","uninportant"
"ASV_4086","uninportant"
"ASV_4096","uninportant"
"ASV_4097","uninportant"
"ASV_4098","uninportant"
"ASV_4099","uninportant"
"ASV_4100","uninportant"
"ASV_4112","uninportant"
"ASV_4113","uninportant"
"ASV_4118","uninportant"
"ASV_4119","uninportant"
"ASV_4128","uninportant"
"ASV_4132","uninportant"
"ASV_4141","uninportant"
"ASV_4142","uninportant"
"ASV_4146","uninportant"
"ASV_4147","uninportant"
"ASV_4155","uninportant"
"ASV_4156","uninportant"
"ASV_4157","uninportant"
"ASV_4158","uninportant"
"ASV_4165","uninportant"
"ASV_4166","uninportant"
"ASV_4167","uninportant"
"ASV_4168","uninportant"
"ASV_4169","uninportant"
"ASV_4170","uninportant"
"ASV_4174","uninportant"
"ASV_4182","uninportant"
"ASV_4183","uninportant"
"ASV_4194","uninportant"
"ASV_4195","uninportant"
"ASV_4198","uninportant"
"ASV_4199","uninportant"
"ASV_4212","uninportant"
"ASV_4213","uninportant"
"ASV_4214","uninportant"
"ASV_4219","uninportant"
"ASV_4226","uninportant"
"ASV_4229","uninportant"
"ASV_4233","uninportant"
"ASV_4234","uninportant"
"ASV_4235","uninportant"
"ASV_4237","uninportant"
"ASV_4249","uninportant"
"ASV_4259","uninportant"
"ASV_4260","uninportant"
"ASV_4263","uninportant"
"ASV_4264","uninportant"
"ASV_4265","uninportant"
"ASV_4289","uninportant"
"ASV_4301","uninportant"
"ASV_4310","uninportant"
"ASV_4318","uninportant"
"ASV_4319","uninportant"
"ASV_4320","uninportant"
"ASV_4321","uninportant"
"ASV_4322","uninportant"
"ASV_4323","uninportant"
"ASV_4324","uninportant"
"ASV_4325","uninportant"
"ASV_4326","uninportant"
"ASV_4329","uninportant"
"ASV_4331","uninportant"
"ASV_4332","uninportant"
"ASV_4335","uninportant"
"ASV_4336","uninportant"
"ASV_4340","uninportant"
"ASV_4341","uninportant"
"ASV_4343","uninportant"
"ASV_4344","uninportant"
"ASV_4349","uninportant"
"ASV_4350","uninportant"
"ASV_4351","uninportant"
"ASV_4352","uninportant"
"ASV_4356","uninportant"
"ASV_4358","uninportant"
"ASV_4370","uninportant"
"ASV_4372","uninportant"
"ASV_4375","uninportant"
"ASV_4376","uninportant"
"ASV_4377","uninportant"
"ASV_4378","uninportant"
"ASV_4381","uninportant"
"ASV_4390","uninportant"
"ASV_4396","uninportant"
"ASV_4400","uninportant"
"ASV_4402","uninportant"
"ASV_4403","uninportant"
"ASV_4404","uninportant"
"ASV_4405","uninportant"
"ASV_4406","uninportant"
"ASV_4407","uninportant"
"ASV_4414","uninportant"
"ASV_4422","uninportant"
"ASV_4438","uninportant"
"ASV_4441","uninportant"
"ASV_4442","uninportant"
"ASV_4446","uninportant"
"ASV_4447","uninportant"
"ASV_4448","uninportant"
"ASV_4450","uninportant"
"ASV_4469","uninportant"
"ASV_4470","uninportant"
"ASV_4472","uninportant"
"ASV_4473","uninportant"
"ASV_4474","uninportant"
"ASV_4476","uninportant"
"ASV_4477","uninportant"
"ASV_4479","uninportant"
"ASV_4495","uninportant"
"ASV_4496","uninportant"
"ASV_4497","uninportant"
"ASV_4506","uninportant"
"ASV_4519","uninportant"
"ASV_4527","uninportant"
"ASV_4529","uninportant"
"ASV_4530","uninportant"
"ASV_4531","uninportant"
"ASV_4532","uninportant"
"ASV_4538","uninportant"
"ASV_4543","uninportant"
"ASV_4546","uninportant"
"ASV_4547","uninportant"
"ASV_4548","uninportant"
"ASV_4557","uninportant"
"ASV_4558","uninportant"
"ASV_4559","uninportant"
"ASV_4560","uninportant"
"ASV_4561","uninportant"
"ASV_4571","uninportant"
"ASV_4577","uninportant"
"ASV_4585","uninportant"
"ASV_4589","uninportant"
"ASV_4591","uninportant"
"ASV_4592","uninportant"
"ASV_4605","uninportant"
"ASV_4617","uninportant"
"ASV_4618","uninportant"
"ASV_4620","uninportant"
"ASV_4621","uninportant"
"ASV_4622","uninportant"
"ASV_4626","uninportant"
"ASV_4628","uninportant"
"ASV_4649","uninportant"
"ASV_4655","uninportant"
"ASV_4663","uninportant"
"ASV_4664","uninportant"
"ASV_4665","uninportant"
"ASV_4670","uninportant"
"ASV_4671","uninportant"
"ASV_4672","uninportant"
"ASV_4673","uninportant"
"ASV_4674","uninportant"
"ASV_4675","uninportant"
"ASV_4676","uninportant"
"ASV_4677","uninportant"
"ASV_4685","uninportant"
"ASV_4695","uninportant"
"ASV_4696","uninportant"
"ASV_4697","uninportant"
"ASV_4713","uninportant"
"ASV_4714","uninportant"
"ASV_4721","uninportant"
"ASV_4733","uninportant"
"ASV_4734","uninportant"
"ASV_4735","uninportant"
"ASV_4736","uninportant"
"ASV_4758","uninportant"
"ASV_4759","uninportant"
"ASV_4760","uninportant"
"ASV_4764","uninportant"
"ASV_4771","uninportant"
"ASV_4772","uninportant"
"ASV_4773","uninportant"
"ASV_4774","uninportant"
"ASV_4775","uninportant"
"ASV_4776","uninportant"
"ASV_4777","uninportant"
"ASV_4782","uninportant"
"ASV_4783","uninportant"
"ASV_4784","uninportant"
"ASV_4785","uninportant"
"ASV_4786","uninportant"
"ASV_4787","uninportant"
"ASV_4788","uninportant"
"ASV_4789","uninportant"
"ASV_4790","uninportant"
"ASV_4794","uninportant"
"ASV_4795","uninportant"
"ASV_4796","uninportant"
"ASV_4797","uninportant"
"ASV_4805","uninportant"
"ASV_4809","uninportant"
"ASV_4810","uninportant"
"ASV_4811","uninportant"
"ASV_4828","uninportant"
"ASV_4830","uninportant"
"ASV_4840","uninportant"
"ASV_4841","uninportant"
"ASV_4843","uninportant"
"ASV_4844","uninportant"
"ASV_4845","uninportant"
"ASV_4846","uninportant"
"ASV_4847","uninportant"
"ASV_4855","uninportant"
"ASV_4856","uninportant"
"ASV_4857","uninportant"
"ASV_4858","uninportant"
"ASV_4859","uninportant"
"ASV_4861","uninportant"
"ASV_4862","uninportant"
"ASV_4863","uninportant"
"ASV_4864","uninportant"
"ASV_4886","uninportant"
"ASV_4887","uninportant"
"ASV_4888","uninportant"
"ASV_4903","uninportant"
"ASV_4904","uninportant"
"ASV_4910","uninportant"
"ASV_4911","uninportant"
"ASV_4912","uninportant"
"ASV_4913","uninportant"
"ASV_4917","uninportant"
"ASV_4918","uninportant"
"ASV_4919","uninportant"
"ASV_4920","uninportant"
"ASV_4922","uninportant"
"ASV_4931","uninportant"
"ASV_4932","uninportant"
"ASV_4940","uninportant"
"ASV_4941","uninportant"
"ASV_4949","uninportant"
"ASV_4958","uninportant"
"ASV_4959","uninportant"
"ASV_4960","uninportant"
"ASV_4961","uninportant"
"ASV_4963","uninportant"
"ASV_4964","uninportant"
"ASV_4971","uninportant"
"ASV_4972","uninportant"
"ASV_4973","uninportant"
