"","deseq2_ASV_class"
"ASV_1","non-differential"
"ASV_2","non-differential"
"ASV_3","non-differential"
"ASV_4","non-differential"
"ASV_5","non-differential"
"ASV_6","non-differential"
"ASV_7","non-differential"
"ASV_8","non-differential"
"ASV_9","non-differential"
"ASV_10","non-differential"
"ASV_11","non-differential"
"ASV_12","non-differential"
"ASV_13","non-differential"
"ASV_14","non-differential"
"ASV_15","non-differential"
"ASV_16","abundant_in_treatment"
"ASV_18","non-differential"
"ASV_19","non-differential"
"ASV_21","non-differential"
"ASV_22","non-differential"
"ASV_24","non-differential"
"ASV_25","non-differential"
"ASV_26","non-differential"
"ASV_27","non-differential"
"ASV_28","non-differential"
"ASV_29","non-differential"
"ASV_30","non-differential"
"ASV_31","non-differential"
"ASV_32","non-differential"
"ASV_33","non-differential"
"ASV_34","non-differential"
"ASV_35","non-differential"
"ASV_36","non-differential"
"ASV_37","non-differential"
"ASV_39","non-differential"
"ASV_40","non-differential"
"ASV_41","non-differential"
"ASV_42","non-differential"
"ASV_43","non-differential"
"ASV_44","non-differential"
"ASV_45","non-differential"
"ASV_46","non-differential"
"ASV_47","non-differential"
"ASV_48","non-differential"
"ASV_49","non-differential"
"ASV_50","non-differential"
"ASV_51","non-differential"
"ASV_52","non-differential"
"ASV_53","non-differential"
"ASV_54","non-differential"
"ASV_55","non-differential"
"ASV_56","non-differential"
"ASV_57","non-differential"
"ASV_58","non-differential"
"ASV_59","non-differential"
"ASV_60","non-differential"
"ASV_61","non-differential"
"ASV_62","non-differential"
"ASV_63","non-differential"
"ASV_64","non-differential"
"ASV_65","non-differential"
"ASV_66","non-differential"
"ASV_67","non-differential"
"ASV_68","non-differential"
"ASV_69","non-differential"
"ASV_70","non-differential"
"ASV_71","non-differential"
"ASV_72","non-differential"
"ASV_73","non-differential"
"ASV_74","non-differential"
"ASV_75","non-differential"
"ASV_76","non-differential"
"ASV_77","non-differential"
"ASV_78","non-differential"
"ASV_79","non-differential"
"ASV_80","non-differential"
"ASV_81","non-differential"
"ASV_82","non-differential"
"ASV_83","non-differential"
"ASV_84","non-differential"
"ASV_85","non-differential"
"ASV_86","non-differential"
"ASV_87","non-differential"
"ASV_88","non-differential"
"ASV_89","non-differential"
"ASV_90","non-differential"
"ASV_91","non-differential"
"ASV_92","non-differential"
"ASV_93","non-differential"
"ASV_95","non-differential"
"ASV_96","non-differential"
"ASV_97","non-differential"
"ASV_98","non-differential"
"ASV_99","non-differential"
"ASV_100","non-differential"
"ASV_101","non-differential"
"ASV_102","non-differential"
"ASV_103","non-differential"
"ASV_104","non-differential"
"ASV_105","non-differential"
"ASV_106","non-differential"
"ASV_107","non-differential"
"ASV_108","non-differential"
"ASV_109","non-differential"
"ASV_110","non-differential"
"ASV_111","non-differential"
"ASV_112","non-differential"
"ASV_113","non-differential"
"ASV_114","non-differential"
"ASV_115","non-differential"
"ASV_116","non-differential"
"ASV_117","non-differential"
"ASV_118","non-differential"
"ASV_119","non-differential"
"ASV_120","non-differential"
"ASV_121","non-differential"
"ASV_122","non-differential"
"ASV_123","non-differential"
"ASV_124","non-differential"
"ASV_125","non-differential"
"ASV_126","non-differential"
"ASV_127","non-differential"
"ASV_128","non-differential"
"ASV_129","non-differential"
"ASV_130","non-differential"
"ASV_131","non-differential"
"ASV_132","non-differential"
"ASV_133","non-differential"
"ASV_134","non-differential"
"ASV_135","non-differential"
"ASV_136","non-differential"
"ASV_137","non-differential"
"ASV_138","non-differential"
"ASV_139","non-differential"
"ASV_140","non-differential"
"ASV_141","non-differential"
"ASV_142","non-differential"
"ASV_143","non-differential"
"ASV_144","non-differential"
"ASV_145","non-differential"
"ASV_146","non-differential"
"ASV_147","abundant_in_treatment"
"ASV_148","non-differential"
"ASV_149","non-differential"
"ASV_150","non-differential"
"ASV_151","non-differential"
"ASV_152","non-differential"
"ASV_153","non-differential"
"ASV_154","non-differential"
"ASV_155","non-differential"
"ASV_156","non-differential"
"ASV_157","non-differential"
"ASV_158","non-differential"
"ASV_159","non-differential"
"ASV_160","non-differential"
"ASV_161","non-differential"
"ASV_162","non-differential"
"ASV_163","non-differential"
"ASV_164","non-differential"
"ASV_165","non-differential"
"ASV_166","non-differential"
"ASV_167","non-differential"
"ASV_168","non-differential"
"ASV_169","non-differential"
"ASV_170","non-differential"
"ASV_171","non-differential"
"ASV_172","non-differential"
"ASV_173","non-differential"
"ASV_174","non-differential"
"ASV_175","non-differential"
"ASV_176","non-differential"
"ASV_177","non-differential"
"ASV_178","non-differential"
"ASV_179","non-differential"
"ASV_180","non-differential"
"ASV_181","non-differential"
"ASV_182","non-differential"
"ASV_184","non-differential"
"ASV_185","non-differential"
"ASV_186","non-differential"
"ASV_187","non-differential"
"ASV_188","non-differential"
"ASV_189","non-differential"
"ASV_190","abundant_in_treatment"
"ASV_191","non-differential"
"ASV_192","non-differential"
"ASV_193","non-differential"
"ASV_194","non-differential"
"ASV_195","non-differential"
"ASV_196","non-differential"
"ASV_197","non-differential"
"ASV_198","non-differential"
"ASV_199","non-differential"
"ASV_200","non-differential"
"ASV_201","non-differential"
"ASV_202","non-differential"
"ASV_203","non-differential"
"ASV_204","non-differential"
"ASV_205","non-differential"
"ASV_206","non-differential"
"ASV_207","non-differential"
"ASV_208","non-differential"
"ASV_209","abundant_in_control"
"ASV_210","non-differential"
"ASV_211","non-differential"
"ASV_212","non-differential"
"ASV_213","non-differential"
"ASV_214","non-differential"
"ASV_215","non-differential"
"ASV_216","non-differential"
"ASV_217","non-differential"
"ASV_218","non-differential"
"ASV_219","non-differential"
"ASV_220","non-differential"
"ASV_221","non-differential"
"ASV_222","non-differential"
"ASV_224","abundant_in_control"
"ASV_225","non-differential"
"ASV_226","non-differential"
"ASV_227","non-differential"
"ASV_228","non-differential"
"ASV_229","non-differential"
"ASV_230","non-differential"
"ASV_231","non-differential"
"ASV_232","non-differential"
"ASV_233","non-differential"
"ASV_234","non-differential"
"ASV_235","non-differential"
"ASV_236","non-differential"
"ASV_237","non-differential"
"ASV_238","non-differential"
"ASV_239","non-differential"
"ASV_240","non-differential"
"ASV_241","non-differential"
"ASV_242","non-differential"
"ASV_243","non-differential"
"ASV_244","non-differential"
"ASV_245","non-differential"
"ASV_246","non-differential"
"ASV_247","non-differential"
"ASV_248","non-differential"
"ASV_249","non-differential"
"ASV_250","non-differential"
"ASV_251","non-differential"
"ASV_252","abundant_in_treatment"
"ASV_253","non-differential"
"ASV_254","non-differential"
"ASV_255","non-differential"
"ASV_256","non-differential"
"ASV_257","non-differential"
"ASV_258","non-differential"
"ASV_259","non-differential"
"ASV_260","non-differential"
"ASV_261","non-differential"
"ASV_262","non-differential"
"ASV_263","non-differential"
"ASV_264","non-differential"
"ASV_265","non-differential"
"ASV_266","abundant_in_treatment"
"ASV_267","non-differential"
"ASV_268","non-differential"
"ASV_269","non-differential"
"ASV_270","non-differential"
"ASV_271","non-differential"
"ASV_272","non-differential"
"ASV_273","non-differential"
"ASV_274","abundant_in_control"
"ASV_275","non-differential"
"ASV_276","non-differential"
"ASV_277","non-differential"
"ASV_278","non-differential"
"ASV_279","non-differential"
"ASV_280","non-differential"
"ASV_281","non-differential"
"ASV_282","non-differential"
"ASV_283","non-differential"
"ASV_284","non-differential"
"ASV_285","non-differential"
"ASV_286","non-differential"
"ASV_287","non-differential"
"ASV_288","non-differential"
"ASV_289","non-differential"
"ASV_290","non-differential"
"ASV_291","non-differential"
"ASV_292","non-differential"
"ASV_294","non-differential"
"ASV_295","non-differential"
"ASV_296","non-differential"
"ASV_297","non-differential"
"ASV_298","non-differential"
"ASV_299","non-differential"
"ASV_300","non-differential"
"ASV_301","non-differential"
"ASV_302","non-differential"
"ASV_303","non-differential"
"ASV_304","non-differential"
"ASV_305","non-differential"
"ASV_306","non-differential"
"ASV_307","non-differential"
"ASV_308","non-differential"
"ASV_310","non-differential"
"ASV_311","non-differential"
"ASV_312","non-differential"
"ASV_313","non-differential"
"ASV_315","non-differential"
"ASV_316","non-differential"
"ASV_318","non-differential"
"ASV_320","abundant_in_treatment"
"ASV_321","non-differential"
"ASV_322","non-differential"
"ASV_323","non-differential"
"ASV_324","non-differential"
"ASV_325","non-differential"
"ASV_326","non-differential"
"ASV_327","non-differential"
"ASV_328","abundant_in_treatment"
"ASV_329","non-differential"
"ASV_330","non-differential"
"ASV_331","non-differential"
"ASV_332","non-differential"
"ASV_333","non-differential"
"ASV_334","non-differential"
"ASV_335","non-differential"
"ASV_336","non-differential"
"ASV_337","non-differential"
"ASV_338","abundant_in_treatment"
"ASV_339","non-differential"
"ASV_340","non-differential"
"ASV_341","non-differential"
"ASV_342","non-differential"
"ASV_343","non-differential"
"ASV_344","non-differential"
"ASV_345","non-differential"
"ASV_346","non-differential"
"ASV_347","non-differential"
"ASV_348","non-differential"
"ASV_349","non-differential"
"ASV_350","non-differential"
"ASV_351","non-differential"
"ASV_352","non-differential"
"ASV_353","non-differential"
"ASV_354","non-differential"
"ASV_355","non-differential"
"ASV_356","abundant_in_treatment"
"ASV_357","non-differential"
"ASV_358","non-differential"
"ASV_359","non-differential"
"ASV_360","non-differential"
"ASV_361","non-differential"
"ASV_362","non-differential"
"ASV_363","non-differential"
"ASV_364","non-differential"
"ASV_365","non-differential"
"ASV_366","non-differential"
"ASV_367","non-differential"
"ASV_368","non-differential"
"ASV_369","non-differential"
"ASV_370","non-differential"
"ASV_371","non-differential"
"ASV_372","non-differential"
"ASV_373","non-differential"
"ASV_374","non-differential"
"ASV_375","non-differential"
"ASV_376","non-differential"
"ASV_378","non-differential"
"ASV_379","non-differential"
"ASV_380","non-differential"
"ASV_381","non-differential"
"ASV_382","non-differential"
"ASV_383","non-differential"
"ASV_384","non-differential"
"ASV_385","non-differential"
"ASV_386","non-differential"
"ASV_387","non-differential"
"ASV_388","non-differential"
"ASV_389","non-differential"
"ASV_390","non-differential"
"ASV_391","non-differential"
"ASV_392","non-differential"
"ASV_393","non-differential"
"ASV_394","non-differential"
"ASV_395","non-differential"
"ASV_396","non-differential"
"ASV_397","non-differential"
"ASV_398","non-differential"
"ASV_399","non-differential"
"ASV_400","non-differential"
"ASV_401","non-differential"
"ASV_402","non-differential"
"ASV_403","non-differential"
"ASV_404","non-differential"
"ASV_405","non-differential"
"ASV_407","non-differential"
"ASV_408","non-differential"
"ASV_409","non-differential"
"ASV_410","non-differential"
"ASV_411","non-differential"
"ASV_412","non-differential"
"ASV_413","non-differential"
"ASV_414","abundant_in_treatment"
"ASV_415","abundant_in_control"
"ASV_416","non-differential"
"ASV_417","non-differential"
"ASV_418","non-differential"
"ASV_419","non-differential"
"ASV_420","non-differential"
"ASV_421","non-differential"
"ASV_422","non-differential"
"ASV_423","non-differential"
"ASV_424","non-differential"
"ASV_425","non-differential"
"ASV_426","non-differential"
"ASV_427","non-differential"
"ASV_428","non-differential"
"ASV_429","non-differential"
"ASV_430","non-differential"
"ASV_431","non-differential"
"ASV_432","non-differential"
"ASV_433","non-differential"
"ASV_434","non-differential"
"ASV_435","non-differential"
"ASV_436","non-differential"
"ASV_437","abundant_in_treatment"
"ASV_438","non-differential"
"ASV_439","abundant_in_treatment"
"ASV_440","non-differential"
"ASV_441","non-differential"
"ASV_442","non-differential"
"ASV_443","non-differential"
"ASV_444","non-differential"
"ASV_445","non-differential"
"ASV_446","non-differential"
"ASV_447","non-differential"
"ASV_448","non-differential"
"ASV_449","non-differential"
"ASV_450","non-differential"
"ASV_451","abundant_in_treatment"
"ASV_452","non-differential"
"ASV_453","abundant_in_treatment"
"ASV_454","non-differential"
"ASV_455","non-differential"
"ASV_456","non-differential"
"ASV_457","non-differential"
"ASV_458","non-differential"
"ASV_459","non-differential"
"ASV_460","non-differential"
"ASV_461","non-differential"
"ASV_462","non-differential"
"ASV_463","non-differential"
"ASV_464","non-differential"
"ASV_466","non-differential"
"ASV_467","abundant_in_treatment"
"ASV_468","non-differential"
"ASV_469","non-differential"
"ASV_470","non-differential"
"ASV_471","non-differential"
"ASV_474","non-differential"
"ASV_476","non-differential"
"ASV_477","non-differential"
"ASV_478","non-differential"
"ASV_479","non-differential"
"ASV_480","non-differential"
"ASV_481","non-differential"
"ASV_482","non-differential"
"ASV_483","non-differential"
"ASV_484","non-differential"
"ASV_485","non-differential"
"ASV_486","non-differential"
"ASV_487","non-differential"
"ASV_488","non-differential"
"ASV_489","non-differential"
"ASV_490","non-differential"
"ASV_491","non-differential"
"ASV_492","non-differential"
"ASV_493","non-differential"
"ASV_494","non-differential"
"ASV_495","non-differential"
"ASV_496","non-differential"
"ASV_497","non-differential"
"ASV_498","non-differential"
"ASV_499","non-differential"
"ASV_500","non-differential"
"ASV_501","non-differential"
"ASV_502","abundant_in_control"
"ASV_503","abundant_in_treatment"
"ASV_504","non-differential"
"ASV_505","non-differential"
"ASV_506","non-differential"
"ASV_507","non-differential"
"ASV_508","non-differential"
"ASV_510","non-differential"
"ASV_511","non-differential"
"ASV_512","non-differential"
"ASV_515","non-differential"
"ASV_516","non-differential"
"ASV_517","non-differential"
"ASV_518","non-differential"
"ASV_519","non-differential"
"ASV_520","non-differential"
"ASV_521","non-differential"
"ASV_523","abundant_in_control"
"ASV_524","non-differential"
"ASV_525","non-differential"
"ASV_526","non-differential"
"ASV_527","abundant_in_control"
"ASV_528","non-differential"
"ASV_529","non-differential"
"ASV_530","non-differential"
"ASV_531","non-differential"
"ASV_533","non-differential"
"ASV_534","non-differential"
"ASV_535","non-differential"
"ASV_536","non-differential"
"ASV_537","non-differential"
"ASV_538","non-differential"
"ASV_540","non-differential"
"ASV_541","non-differential"
"ASV_542","non-differential"
"ASV_543","non-differential"
"ASV_544","non-differential"
"ASV_545","non-differential"
"ASV_546","non-differential"
"ASV_547","non-differential"
"ASV_548","non-differential"
"ASV_549","non-differential"
"ASV_550","non-differential"
"ASV_551","non-differential"
"ASV_552","non-differential"
"ASV_553","non-differential"
"ASV_554","non-differential"
"ASV_555","non-differential"
"ASV_557","non-differential"
"ASV_558","non-differential"
"ASV_559","non-differential"
"ASV_560","non-differential"
"ASV_561","non-differential"
"ASV_562","non-differential"
"ASV_563","non-differential"
"ASV_564","non-differential"
"ASV_566","non-differential"
"ASV_567","non-differential"
"ASV_568","abundant_in_treatment"
"ASV_569","non-differential"
"ASV_570","non-differential"
"ASV_571","non-differential"
"ASV_572","non-differential"
"ASV_573","non-differential"
"ASV_574","non-differential"
"ASV_575","non-differential"
"ASV_576","abundant_in_control"
"ASV_577","abundant_in_control"
"ASV_578","non-differential"
"ASV_579","non-differential"
"ASV_580","non-differential"
"ASV_581","non-differential"
"ASV_582","non-differential"
"ASV_583","non-differential"
"ASV_584","non-differential"
"ASV_586","non-differential"
"ASV_587","non-differential"
"ASV_588","non-differential"
"ASV_589","non-differential"
"ASV_590","non-differential"
"ASV_591","non-differential"
"ASV_592","non-differential"
"ASV_593","non-differential"
"ASV_594","non-differential"
"ASV_595","non-differential"
"ASV_597","non-differential"
"ASV_598","non-differential"
"ASV_599","non-differential"
"ASV_600","non-differential"
"ASV_601","non-differential"
"ASV_602","non-differential"
"ASV_603","non-differential"
"ASV_604","non-differential"
"ASV_607","non-differential"
"ASV_608","non-differential"
"ASV_609","non-differential"
"ASV_611","non-differential"
"ASV_612","non-differential"
"ASV_613","non-differential"
"ASV_614","non-differential"
"ASV_615","non-differential"
"ASV_616","abundant_in_treatment"
"ASV_617","non-differential"
"ASV_618","non-differential"
"ASV_619","non-differential"
"ASV_620","non-differential"
"ASV_621","non-differential"
"ASV_622","non-differential"
"ASV_623","non-differential"
"ASV_624","non-differential"
"ASV_625","abundant_in_control"
"ASV_626","non-differential"
"ASV_627","non-differential"
"ASV_628","non-differential"
"ASV_629","non-differential"
"ASV_631","non-differential"
"ASV_632","non-differential"
"ASV_633","non-differential"
"ASV_634","non-differential"
"ASV_635","non-differential"
"ASV_636","non-differential"
"ASV_638","non-differential"
"ASV_639","non-differential"
"ASV_640","non-differential"
"ASV_641","non-differential"
"ASV_642","non-differential"
"ASV_643","non-differential"
"ASV_644","non-differential"
"ASV_645","non-differential"
"ASV_646","non-differential"
"ASV_647","non-differential"
"ASV_648","non-differential"
"ASV_649","non-differential"
"ASV_650","non-differential"
"ASV_653","non-differential"
"ASV_654","non-differential"
"ASV_655","non-differential"
"ASV_656","non-differential"
"ASV_657","non-differential"
"ASV_659","non-differential"
"ASV_660","non-differential"
"ASV_661","non-differential"
"ASV_663","non-differential"
"ASV_664","non-differential"
"ASV_665","abundant_in_control"
"ASV_666","non-differential"
"ASV_667","non-differential"
"ASV_668","non-differential"
"ASV_669","non-differential"
"ASV_671","non-differential"
"ASV_672","non-differential"
"ASV_673","non-differential"
"ASV_674","non-differential"
"ASV_675","non-differential"
"ASV_676","non-differential"
"ASV_678","non-differential"
"ASV_679","non-differential"
"ASV_680","non-differential"
"ASV_681","non-differential"
"ASV_682","non-differential"
"ASV_683","non-differential"
"ASV_684","non-differential"
"ASV_685","non-differential"
"ASV_686","non-differential"
"ASV_687","non-differential"
"ASV_689","non-differential"
"ASV_690","non-differential"
"ASV_691","non-differential"
"ASV_692","non-differential"
"ASV_693","non-differential"
"ASV_694","non-differential"
"ASV_695","non-differential"
"ASV_696","non-differential"
"ASV_697","non-differential"
"ASV_698","abundant_in_treatment"
"ASV_699","non-differential"
"ASV_700","non-differential"
"ASV_701","non-differential"
"ASV_702","non-differential"
"ASV_703","non-differential"
"ASV_704","non-differential"
"ASV_705","non-differential"
"ASV_706","non-differential"
"ASV_707","non-differential"
"ASV_708","non-differential"
"ASV_709","non-differential"
"ASV_710","non-differential"
"ASV_711","non-differential"
"ASV_712","non-differential"
"ASV_713","non-differential"
"ASV_714","non-differential"
"ASV_715","non-differential"
"ASV_716","non-differential"
"ASV_717","non-differential"
"ASV_718","non-differential"
"ASV_719","non-differential"
"ASV_720","non-differential"
"ASV_721","non-differential"
"ASV_722","non-differential"
"ASV_723","non-differential"
"ASV_724","non-differential"
"ASV_725","non-differential"
"ASV_728","abundant_in_control"
"ASV_729","non-differential"
"ASV_730","non-differential"
"ASV_731","non-differential"
"ASV_732","non-differential"
"ASV_733","non-differential"
"ASV_735","non-differential"
"ASV_736","non-differential"
"ASV_737","non-differential"
"ASV_738","non-differential"
"ASV_739","non-differential"
"ASV_740","non-differential"
"ASV_741","non-differential"
"ASV_742","non-differential"
"ASV_743","non-differential"
"ASV_744","non-differential"
"ASV_746","non-differential"
"ASV_747","non-differential"
"ASV_748","abundant_in_control"
"ASV_749","non-differential"
"ASV_750","non-differential"
"ASV_751","non-differential"
"ASV_752","non-differential"
"ASV_753","non-differential"
"ASV_754","non-differential"
"ASV_755","non-differential"
"ASV_756","non-differential"
"ASV_757","non-differential"
"ASV_758","non-differential"
"ASV_759","non-differential"
"ASV_760","non-differential"
"ASV_761","non-differential"
"ASV_762","non-differential"
"ASV_764","non-differential"
"ASV_765","non-differential"
"ASV_766","non-differential"
"ASV_768","non-differential"
"ASV_769","non-differential"
"ASV_770","non-differential"
"ASV_771","non-differential"
"ASV_772","abundant_in_control"
"ASV_773","non-differential"
"ASV_774","abundant_in_treatment"
"ASV_775","non-differential"
"ASV_776","non-differential"
"ASV_777","non-differential"
"ASV_778","non-differential"
"ASV_779","non-differential"
"ASV_780","non-differential"
"ASV_781","non-differential"
"ASV_783","non-differential"
"ASV_784","non-differential"
"ASV_786","non-differential"
"ASV_787","non-differential"
"ASV_788","abundant_in_control"
"ASV_789","non-differential"
"ASV_790","non-differential"
"ASV_791","non-differential"
"ASV_792","non-differential"
"ASV_793","non-differential"
"ASV_794","non-differential"
"ASV_795","non-differential"
"ASV_796","non-differential"
"ASV_798","non-differential"
"ASV_799","non-differential"
"ASV_800","non-differential"
"ASV_801","non-differential"
"ASV_802","non-differential"
"ASV_803","non-differential"
"ASV_804","non-differential"
"ASV_805","non-differential"
"ASV_806","non-differential"
"ASV_807","non-differential"
"ASV_808","non-differential"
"ASV_809","non-differential"
"ASV_810","non-differential"
"ASV_811","non-differential"
"ASV_812","non-differential"
"ASV_813","non-differential"
"ASV_814","non-differential"
"ASV_815","non-differential"
"ASV_816","non-differential"
"ASV_817","non-differential"
"ASV_818","abundant_in_treatment"
"ASV_819","non-differential"
"ASV_820","non-differential"
"ASV_821","non-differential"
"ASV_823","non-differential"
"ASV_824","non-differential"
"ASV_825","non-differential"
"ASV_826","non-differential"
"ASV_827","non-differential"
"ASV_829","non-differential"
"ASV_830","non-differential"
"ASV_831","non-differential"
"ASV_832","non-differential"
"ASV_833","non-differential"
"ASV_834","non-differential"
"ASV_835","non-differential"
"ASV_836","abundant_in_control"
"ASV_837","non-differential"
"ASV_838","non-differential"
"ASV_839","non-differential"
"ASV_840","abundant_in_control"
"ASV_841","non-differential"
"ASV_842","non-differential"
"ASV_843","non-differential"
"ASV_844","non-differential"
"ASV_845","non-differential"
"ASV_846","non-differential"
"ASV_847","non-differential"
"ASV_848","non-differential"
"ASV_850","non-differential"
"ASV_851","non-differential"
"ASV_852","non-differential"
"ASV_853","non-differential"
"ASV_854","non-differential"
"ASV_855","non-differential"
"ASV_856","non-differential"
"ASV_857","non-differential"
"ASV_858","non-differential"
"ASV_859","non-differential"
"ASV_863","non-differential"
"ASV_864","non-differential"
"ASV_865","non-differential"
"ASV_867","non-differential"
"ASV_869","non-differential"
"ASV_870","non-differential"
"ASV_871","non-differential"
"ASV_872","non-differential"
"ASV_873","non-differential"
"ASV_874","non-differential"
"ASV_875","non-differential"
"ASV_876","abundant_in_treatment"
"ASV_877","non-differential"
"ASV_878","non-differential"
"ASV_879","non-differential"
"ASV_880","non-differential"
"ASV_883","non-differential"
"ASV_884","non-differential"
"ASV_885","non-differential"
"ASV_886","non-differential"
"ASV_887","non-differential"
"ASV_888","non-differential"
"ASV_890","non-differential"
"ASV_891","non-differential"
"ASV_892","non-differential"
"ASV_893","abundant_in_treatment"
"ASV_896","abundant_in_treatment"
"ASV_897","non-differential"
"ASV_898","non-differential"
"ASV_899","non-differential"
"ASV_901","non-differential"
"ASV_902","non-differential"
"ASV_904","non-differential"
"ASV_907","non-differential"
"ASV_909","non-differential"
"ASV_910","non-differential"
"ASV_911","abundant_in_treatment"
"ASV_912","non-differential"
"ASV_913","non-differential"
"ASV_914","abundant_in_treatment"
"ASV_915","non-differential"
"ASV_916","non-differential"
"ASV_917","non-differential"
"ASV_918","non-differential"
"ASV_919","non-differential"
"ASV_920","non-differential"
"ASV_921","non-differential"
"ASV_922","non-differential"
"ASV_923","non-differential"
"ASV_924","non-differential"
"ASV_927","non-differential"
"ASV_928","non-differential"
"ASV_930","non-differential"
"ASV_931","non-differential"
"ASV_932","non-differential"
"ASV_933","non-differential"
"ASV_934","non-differential"
"ASV_935","non-differential"
"ASV_937","non-differential"
"ASV_938","non-differential"
"ASV_939","non-differential"
"ASV_940","non-differential"
"ASV_941","non-differential"
"ASV_942","non-differential"
"ASV_944","non-differential"
"ASV_945","non-differential"
"ASV_947","non-differential"
"ASV_948","non-differential"
"ASV_950","non-differential"
"ASV_952","abundant_in_control"
"ASV_953","non-differential"
"ASV_954","non-differential"
"ASV_955","non-differential"
"ASV_956","non-differential"
"ASV_957","non-differential"
"ASV_959","non-differential"
"ASV_962","non-differential"
"ASV_963","non-differential"
"ASV_964","non-differential"
"ASV_965","non-differential"
"ASV_966","non-differential"
"ASV_967","non-differential"
"ASV_968","non-differential"
"ASV_969","non-differential"
"ASV_970","non-differential"
"ASV_971","non-differential"
"ASV_972","non-differential"
"ASV_973","non-differential"
"ASV_974","non-differential"
"ASV_975","non-differential"
"ASV_976","non-differential"
"ASV_977","non-differential"
"ASV_978","non-differential"
"ASV_980","non-differential"
"ASV_981","non-differential"
"ASV_982","non-differential"
"ASV_983","non-differential"
"ASV_984","non-differential"
"ASV_985","non-differential"
"ASV_986","abundant_in_treatment"
"ASV_987","non-differential"
"ASV_988","non-differential"
"ASV_989","abundant_in_treatment"
"ASV_990","abundant_in_treatment"
"ASV_991","non-differential"
"ASV_994","non-differential"
"ASV_996","non-differential"
"ASV_998","abundant_in_treatment"
"ASV_999","non-differential"
"ASV_1001","non-differential"
"ASV_1002","non-differential"
"ASV_1003","non-differential"
"ASV_1004","non-differential"
"ASV_1005","non-differential"
"ASV_1008","non-differential"
"ASV_1010","non-differential"
"ASV_1011","abundant_in_treatment"
"ASV_1013","non-differential"
"ASV_1014","non-differential"
"ASV_1016","non-differential"
"ASV_1017","non-differential"
"ASV_1020","non-differential"
"ASV_1021","non-differential"
"ASV_1022","non-differential"
"ASV_1023","non-differential"
"ASV_1024","non-differential"
"ASV_1025","non-differential"
"ASV_1026","abundant_in_treatment"
"ASV_1027","non-differential"
"ASV_1030","abundant_in_treatment"
"ASV_1031","abundant_in_treatment"
"ASV_1032","non-differential"
"ASV_1033","non-differential"
"ASV_1034","abundant_in_treatment"
"ASV_1035","non-differential"
"ASV_1036","non-differential"
"ASV_1037","abundant_in_treatment"
"ASV_1038","abundant_in_control"
"ASV_1039","non-differential"
"ASV_1040","non-differential"
"ASV_1041","non-differential"
"ASV_1042","non-differential"
"ASV_1043","abundant_in_control"
"ASV_1044","non-differential"
"ASV_1045","non-differential"
"ASV_1047","non-differential"
"ASV_1048","non-differential"
"ASV_1051","non-differential"
"ASV_1052","non-differential"
"ASV_1053","non-differential"
"ASV_1054","abundant_in_treatment"
"ASV_1055","non-differential"
"ASV_1056","non-differential"
"ASV_1058","non-differential"
"ASV_1059","non-differential"
"ASV_1060","abundant_in_treatment"
"ASV_1061","non-differential"
"ASV_1063","abundant_in_treatment"
"ASV_1064","non-differential"
"ASV_1065","non-differential"
"ASV_1066","non-differential"
"ASV_1067","abundant_in_treatment"
"ASV_1068","non-differential"
"ASV_1069","non-differential"
"ASV_1070","non-differential"
"ASV_1071","non-differential"
"ASV_1072","non-differential"
"ASV_1073","non-differential"
"ASV_1074","non-differential"
"ASV_1076","non-differential"
"ASV_1077","non-differential"
"ASV_1078","non-differential"
"ASV_1079","non-differential"
"ASV_1081","non-differential"
"ASV_1083","non-differential"
"ASV_1084","abundant_in_treatment"
"ASV_1085","non-differential"
"ASV_1086","non-differential"
"ASV_1087","non-differential"
"ASV_1088","non-differential"
"ASV_1089","non-differential"
"ASV_1090","abundant_in_treatment"
"ASV_1091","non-differential"
"ASV_1092","non-differential"
"ASV_1094","non-differential"
"ASV_1095","non-differential"
"ASV_1096","non-differential"
"ASV_1097","non-differential"
"ASV_1098","non-differential"
"ASV_1099","non-differential"
"ASV_1100","non-differential"
"ASV_1101","non-differential"
"ASV_1102","non-differential"
"ASV_1104","non-differential"
"ASV_1105","non-differential"
"ASV_1108","non-differential"
"ASV_1109","non-differential"
"ASV_1110","non-differential"
"ASV_1112","non-differential"
"ASV_1113","non-differential"
"ASV_1114","non-differential"
"ASV_1115","non-differential"
"ASV_1116","non-differential"
"ASV_1118","non-differential"
"ASV_1119","non-differential"
"ASV_1120","non-differential"
"ASV_1121","non-differential"
"ASV_1122","non-differential"
"ASV_1123","non-differential"
"ASV_1124","non-differential"
"ASV_1126","non-differential"
"ASV_1128","non-differential"
"ASV_1129","non-differential"
"ASV_1130","non-differential"
"ASV_1131","non-differential"
"ASV_1133","non-differential"
"ASV_1134","non-differential"
"ASV_1135","non-differential"
"ASV_1137","abundant_in_treatment"
"ASV_1139","non-differential"
"ASV_1140","non-differential"
"ASV_1141","non-differential"
"ASV_1142","non-differential"
"ASV_1143","non-differential"
"ASV_1144","non-differential"
"ASV_1145","non-differential"
"ASV_1146","non-differential"
"ASV_1147","non-differential"
"ASV_1148","abundant_in_treatment"
"ASV_1149","non-differential"
"ASV_1150","non-differential"
"ASV_1156","abundant_in_control"
"ASV_1157","non-differential"
"ASV_1158","non-differential"
"ASV_1159","non-differential"
"ASV_1160","non-differential"
"ASV_1162","non-differential"
"ASV_1164","non-differential"
"ASV_1165","abundant_in_treatment"
"ASV_1166","non-differential"
"ASV_1167","non-differential"
"ASV_1168","non-differential"
"ASV_1169","non-differential"
"ASV_1171","non-differential"
"ASV_1172","non-differential"
"ASV_1173","non-differential"
"ASV_1174","non-differential"
"ASV_1175","non-differential"
"ASV_1176","non-differential"
"ASV_1178","abundant_in_control"
"ASV_1179","non-differential"
"ASV_1180","non-differential"
"ASV_1182","non-differential"
"ASV_1183","non-differential"
"ASV_1184","abundant_in_control"
"ASV_1185","non-differential"
"ASV_1187","non-differential"
"ASV_1188","non-differential"
"ASV_1190","non-differential"
"ASV_1191","non-differential"
"ASV_1192","non-differential"
"ASV_1193","non-differential"
"ASV_1194","non-differential"
"ASV_1195","non-differential"
"ASV_1196","non-differential"
"ASV_1198","non-differential"
"ASV_1200","non-differential"
"ASV_1202","non-differential"
"ASV_1204","non-differential"
"ASV_1206","non-differential"
"ASV_1207","non-differential"
"ASV_1208","non-differential"
"ASV_1210","abundant_in_control"
"ASV_1211","non-differential"
"ASV_1212","non-differential"
"ASV_1213","non-differential"
"ASV_1214","non-differential"
"ASV_1215","non-differential"
"ASV_1216","non-differential"
"ASV_1217","non-differential"
"ASV_1218","non-differential"
"ASV_1219","non-differential"
"ASV_1222","non-differential"
"ASV_1224","non-differential"
"ASV_1227","non-differential"
"ASV_1228","non-differential"
"ASV_1229","non-differential"
"ASV_1230","non-differential"
"ASV_1231","non-differential"
"ASV_1232","non-differential"
"ASV_1233","non-differential"
"ASV_1234","non-differential"
"ASV_1235","abundant_in_control"
"ASV_1236","non-differential"
"ASV_1237","non-differential"
"ASV_1238","non-differential"
"ASV_1239","non-differential"
"ASV_1240","non-differential"
"ASV_1242","non-differential"
"ASV_1243","non-differential"
"ASV_1244","non-differential"
"ASV_1245","non-differential"
"ASV_1246","non-differential"
"ASV_1247","non-differential"
"ASV_1248","non-differential"
"ASV_1251","non-differential"
"ASV_1252","non-differential"
"ASV_1253","non-differential"
"ASV_1254","non-differential"
"ASV_1255","non-differential"
"ASV_1256","non-differential"
"ASV_1257","non-differential"
"ASV_1258","non-differential"
"ASV_1260","non-differential"
"ASV_1261","non-differential"
"ASV_1262","non-differential"
"ASV_1263","non-differential"
"ASV_1264","non-differential"
"ASV_1268","non-differential"
"ASV_1269","non-differential"
"ASV_1270","non-differential"
"ASV_1272","non-differential"
"ASV_1273","abundant_in_control"
"ASV_1275","non-differential"
"ASV_1276","non-differential"
"ASV_1277","non-differential"
"ASV_1278","non-differential"
"ASV_1280","non-differential"
"ASV_1282","non-differential"
"ASV_1283","non-differential"
"ASV_1285","non-differential"
"ASV_1287","non-differential"
"ASV_1289","non-differential"
"ASV_1290","non-differential"
"ASV_1291","non-differential"
"ASV_1292","non-differential"
"ASV_1296","non-differential"
"ASV_1297","non-differential"
"ASV_1298","non-differential"
"ASV_1299","non-differential"
"ASV_1301","non-differential"
"ASV_1302","non-differential"
"ASV_1303","non-differential"
"ASV_1305","non-differential"
"ASV_1307","non-differential"
"ASV_1309","non-differential"
"ASV_1310","non-differential"
"ASV_1312","non-differential"
"ASV_1314","non-differential"
"ASV_1315","non-differential"
"ASV_1316","non-differential"
"ASV_1317","non-differential"
"ASV_1318","non-differential"
"ASV_1319","non-differential"
"ASV_1320","non-differential"
"ASV_1323","non-differential"
"ASV_1324","non-differential"
"ASV_1325","non-differential"
"ASV_1327","abundant_in_treatment"
"ASV_1328","non-differential"
"ASV_1329","non-differential"
"ASV_1331","non-differential"
"ASV_1332","non-differential"
"ASV_1333","non-differential"
"ASV_1334","non-differential"
"ASV_1336","non-differential"
"ASV_1337","non-differential"
"ASV_1338","non-differential"
"ASV_1339","non-differential"
"ASV_1340","non-differential"
"ASV_1341","non-differential"
"ASV_1344","non-differential"
"ASV_1345","non-differential"
"ASV_1346","non-differential"
"ASV_1348","non-differential"
"ASV_1350","non-differential"
"ASV_1351","non-differential"
"ASV_1352","non-differential"
"ASV_1356","non-differential"
"ASV_1357","non-differential"
"ASV_1358","non-differential"
"ASV_1359","non-differential"
"ASV_1360","abundant_in_treatment"
"ASV_1361","non-differential"
"ASV_1362","non-differential"
"ASV_1364","non-differential"
"ASV_1366","abundant_in_control"
"ASV_1368","non-differential"
"ASV_1369","abundant_in_treatment"
"ASV_1370","non-differential"
"ASV_1371","non-differential"
"ASV_1372","non-differential"
"ASV_1375","non-differential"
"ASV_1376","non-differential"
"ASV_1379","non-differential"
"ASV_1380","non-differential"
"ASV_1381","non-differential"
"ASV_1382","non-differential"
"ASV_1383","non-differential"
"ASV_1384","non-differential"
"ASV_1387","non-differential"
"ASV_1389","non-differential"
"ASV_1390","abundant_in_treatment"
"ASV_1391","non-differential"
"ASV_1392","non-differential"
"ASV_1393","non-differential"
"ASV_1396","non-differential"
"ASV_1397","non-differential"
"ASV_1398","non-differential"
"ASV_1399","non-differential"
"ASV_1401","non-differential"
"ASV_1402","non-differential"
"ASV_1403","non-differential"
"ASV_1404","non-differential"
"ASV_1405","non-differential"
"ASV_1407","non-differential"
"ASV_1408","non-differential"
"ASV_1409","non-differential"
"ASV_1410","non-differential"
"ASV_1411","non-differential"
"ASV_1413","non-differential"
"ASV_1414","non-differential"
"ASV_1415","non-differential"
"ASV_1417","non-differential"
"ASV_1418","non-differential"
"ASV_1419","non-differential"
"ASV_1420","non-differential"
"ASV_1421","non-differential"
"ASV_1423","non-differential"
"ASV_1424","non-differential"
"ASV_1426","non-differential"
"ASV_1427","non-differential"
"ASV_1428","non-differential"
"ASV_1429","abundant_in_control"
"ASV_1430","non-differential"
"ASV_1431","non-differential"
"ASV_1432","non-differential"
"ASV_1434","non-differential"
"ASV_1439","non-differential"
"ASV_1440","non-differential"
"ASV_1442","non-differential"
"ASV_1444","non-differential"
"ASV_1446","non-differential"
"ASV_1447","abundant_in_treatment"
"ASV_1448","non-differential"
"ASV_1450","abundant_in_control"
"ASV_1451","non-differential"
"ASV_1452","non-differential"
"ASV_1453","non-differential"
"ASV_1455","non-differential"
"ASV_1458","non-differential"
"ASV_1459","non-differential"
"ASV_1460","non-differential"
"ASV_1462","non-differential"
"ASV_1463","non-differential"
"ASV_1464","abundant_in_treatment"
"ASV_1466","non-differential"
"ASV_1467","non-differential"
"ASV_1468","non-differential"
"ASV_1471","non-differential"
"ASV_1472","non-differential"
"ASV_1473","non-differential"
"ASV_1474","non-differential"
"ASV_1476","non-differential"
"ASV_1477","non-differential"
"ASV_1478","non-differential"
"ASV_1479","non-differential"
"ASV_1480","non-differential"
"ASV_1481","non-differential"
"ASV_1482","non-differential"
"ASV_1484","non-differential"
"ASV_1485","non-differential"
"ASV_1487","non-differential"
"ASV_1490","non-differential"
"ASV_1491","non-differential"
"ASV_1492","non-differential"
"ASV_1493","non-differential"
"ASV_1494","non-differential"
"ASV_1495","non-differential"
"ASV_1496","non-differential"
"ASV_1499","non-differential"
"ASV_1501","non-differential"
"ASV_1502","non-differential"
"ASV_1503","non-differential"
"ASV_1504","non-differential"
"ASV_1505","non-differential"
"ASV_1507","non-differential"
"ASV_1508","non-differential"
"ASV_1509","non-differential"
"ASV_1510","non-differential"
"ASV_1511","non-differential"
"ASV_1512","non-differential"
"ASV_1514","non-differential"
"ASV_1515","non-differential"
"ASV_1518","non-differential"
"ASV_1519","non-differential"
"ASV_1520","non-differential"
"ASV_1521","non-differential"
"ASV_1524","non-differential"
"ASV_1525","non-differential"
"ASV_1526","non-differential"
"ASV_1527","non-differential"
"ASV_1530","non-differential"
"ASV_1531","non-differential"
"ASV_1532","non-differential"
"ASV_1534","non-differential"
"ASV_1536","non-differential"
"ASV_1537","non-differential"
"ASV_1538","non-differential"
"ASV_1539","non-differential"
"ASV_1541","non-differential"
"ASV_1545","non-differential"
"ASV_1546","non-differential"
"ASV_1547","non-differential"
"ASV_1550","non-differential"
"ASV_1551","non-differential"
"ASV_1552","non-differential"
"ASV_1553","non-differential"
"ASV_1554","non-differential"
"ASV_1555","non-differential"
"ASV_1556","non-differential"
"ASV_1557","non-differential"
"ASV_1558","non-differential"
"ASV_1559","non-differential"
"ASV_1561","non-differential"
"ASV_1562","non-differential"
"ASV_1563","non-differential"
"ASV_1565","non-differential"
"ASV_1566","non-differential"
"ASV_1568","non-differential"
"ASV_1569","non-differential"
"ASV_1570","non-differential"
"ASV_1572","non-differential"
"ASV_1573","non-differential"
"ASV_1575","non-differential"
"ASV_1577","non-differential"
"ASV_1578","non-differential"
"ASV_1581","non-differential"
"ASV_1582","non-differential"
"ASV_1583","non-differential"
"ASV_1584","non-differential"
"ASV_1585","non-differential"
"ASV_1586","non-differential"
"ASV_1587","non-differential"
"ASV_1588","non-differential"
"ASV_1589","non-differential"
"ASV_1590","non-differential"
"ASV_1592","non-differential"
"ASV_1593","non-differential"
"ASV_1596","non-differential"
"ASV_1599","non-differential"
"ASV_1602","non-differential"
"ASV_1604","non-differential"
"ASV_1605","non-differential"
"ASV_1607","non-differential"
"ASV_1610","non-differential"
"ASV_1612","non-differential"
"ASV_1615","non-differential"
"ASV_1616","non-differential"
"ASV_1620","non-differential"
"ASV_1621","non-differential"
"ASV_1623","non-differential"
"ASV_1624","non-differential"
"ASV_1630","non-differential"
"ASV_1633","non-differential"
"ASV_1634","non-differential"
"ASV_1637","non-differential"
"ASV_1639","non-differential"
"ASV_1643","non-differential"
"ASV_1644","non-differential"
"ASV_1645","non-differential"
"ASV_1646","non-differential"
"ASV_1647","non-differential"
"ASV_1650","non-differential"
"ASV_1651","non-differential"
"ASV_1652","non-differential"
"ASV_1653","non-differential"
"ASV_1654","non-differential"
"ASV_1655","non-differential"
"ASV_1656","non-differential"
"ASV_1657","non-differential"
"ASV_1658","non-differential"
"ASV_1659","non-differential"
"ASV_1661","non-differential"
"ASV_1662","non-differential"
"ASV_1665","non-differential"
"ASV_1667","non-differential"
"ASV_1668","non-differential"
"ASV_1669","non-differential"
"ASV_1670","non-differential"
"ASV_1676","non-differential"
"ASV_1678","non-differential"
"ASV_1680","non-differential"
"ASV_1681","non-differential"
"ASV_1682","non-differential"
"ASV_1683","non-differential"
"ASV_1685","non-differential"
"ASV_1686","non-differential"
"ASV_1689","non-differential"
"ASV_1691","non-differential"
"ASV_1692","non-differential"
"ASV_1693","non-differential"
"ASV_1694","non-differential"
"ASV_1695","non-differential"
"ASV_1696","non-differential"
"ASV_1697","non-differential"
"ASV_1698","non-differential"
"ASV_1699","non-differential"
"ASV_1702","non-differential"
"ASV_1703","non-differential"
"ASV_1704","non-differential"
"ASV_1705","non-differential"
"ASV_1706","non-differential"
"ASV_1713","abundant_in_treatment"
"ASV_1714","non-differential"
"ASV_1715","non-differential"
"ASV_1716","non-differential"
"ASV_1721","non-differential"
"ASV_1723","non-differential"
"ASV_1724","non-differential"
"ASV_1725","non-differential"
"ASV_1727","non-differential"
"ASV_1729","non-differential"
"ASV_1730","non-differential"
"ASV_1731","non-differential"
"ASV_1733","non-differential"
"ASV_1734","non-differential"
"ASV_1736","non-differential"
"ASV_1737","non-differential"
"ASV_1740","non-differential"
"ASV_1741","non-differential"
"ASV_1743","non-differential"
"ASV_1744","non-differential"
"ASV_1745","non-differential"
"ASV_1746","non-differential"
"ASV_1749","non-differential"
"ASV_1750","non-differential"
"ASV_1751","non-differential"
"ASV_1753","non-differential"
"ASV_1755","non-differential"
"ASV_1757","non-differential"
"ASV_1758","non-differential"
"ASV_1760","non-differential"
"ASV_1761","non-differential"
"ASV_1765","non-differential"
"ASV_1766","non-differential"
"ASV_1767","non-differential"
"ASV_1768","non-differential"
"ASV_1770","non-differential"
"ASV_1772","non-differential"
"ASV_1775","non-differential"
"ASV_1776","non-differential"
"ASV_1777","non-differential"
"ASV_1778","non-differential"
"ASV_1780","non-differential"
"ASV_1781","non-differential"
"ASV_1782","non-differential"
"ASV_1783","non-differential"
"ASV_1784","non-differential"
"ASV_1785","non-differential"
"ASV_1790","non-differential"
"ASV_1791","non-differential"
"ASV_1792","non-differential"
"ASV_1793","non-differential"
"ASV_1794","non-differential"
"ASV_1795","non-differential"
"ASV_1796","non-differential"
"ASV_1798","non-differential"
"ASV_1799","non-differential"
"ASV_1800","non-differential"
"ASV_1801","non-differential"
"ASV_1802","non-differential"
"ASV_1805","non-differential"
"ASV_1807","non-differential"
"ASV_1808","non-differential"
"ASV_1809","non-differential"
"ASV_1810","non-differential"
"ASV_1811","non-differential"
"ASV_1814","non-differential"
"ASV_1817","non-differential"
"ASV_1820","non-differential"
"ASV_1821","non-differential"
"ASV_1823","non-differential"
"ASV_1824","non-differential"
"ASV_1827","non-differential"
"ASV_1829","non-differential"
"ASV_1830","non-differential"
"ASV_1833","non-differential"
"ASV_1834","non-differential"
"ASV_1835","non-differential"
"ASV_1836","non-differential"
"ASV_1839","non-differential"
"ASV_1840","non-differential"
"ASV_1841","non-differential"
"ASV_1845","non-differential"
"ASV_1847","non-differential"
"ASV_1848","non-differential"
"ASV_1850","non-differential"
"ASV_1851","non-differential"
"ASV_1853","non-differential"
"ASV_1854","non-differential"
"ASV_1855","non-differential"
"ASV_1856","non-differential"
"ASV_1857","non-differential"
"ASV_1858","non-differential"
"ASV_1860","non-differential"
"ASV_1863","non-differential"
"ASV_1864","non-differential"
"ASV_1865","non-differential"
"ASV_1867","non-differential"
"ASV_1868","non-differential"
"ASV_1869","non-differential"
"ASV_1872","non-differential"
"ASV_1875","non-differential"
"ASV_1878","non-differential"
"ASV_1882","non-differential"
"ASV_1883","non-differential"
"ASV_1887","non-differential"
"ASV_1888","non-differential"
"ASV_1889","non-differential"
"ASV_1890","non-differential"
"ASV_1891","non-differential"
"ASV_1892","non-differential"
"ASV_1893","non-differential"
"ASV_1894","non-differential"
"ASV_1895","non-differential"
"ASV_1896","non-differential"
"ASV_1897","non-differential"
"ASV_1900","non-differential"
"ASV_1901","non-differential"
"ASV_1904","non-differential"
"ASV_1908","non-differential"
"ASV_1909","non-differential"
"ASV_1912","non-differential"
"ASV_1913","non-differential"
"ASV_1914","non-differential"
"ASV_1915","non-differential"
"ASV_1916","non-differential"
"ASV_1917","non-differential"
"ASV_1918","non-differential"
"ASV_1919","non-differential"
"ASV_1921","non-differential"
"ASV_1923","non-differential"
"ASV_1924","non-differential"
"ASV_1925","non-differential"
"ASV_1927","non-differential"
"ASV_1928","non-differential"
"ASV_1930","non-differential"
"ASV_1931","non-differential"
"ASV_1932","non-differential"
"ASV_1933","non-differential"
"ASV_1935","non-differential"
"ASV_1936","non-differential"
"ASV_1937","non-differential"
"ASV_1941","non-differential"
"ASV_1943","non-differential"
"ASV_1944","non-differential"
"ASV_1945","non-differential"
"ASV_1946","non-differential"
"ASV_1947","non-differential"
"ASV_1948","non-differential"
"ASV_1949","non-differential"
"ASV_1950","non-differential"
"ASV_1951","non-differential"
"ASV_1956","non-differential"
"ASV_1960","non-differential"
"ASV_1961","non-differential"
"ASV_1962","non-differential"
"ASV_1966","non-differential"
"ASV_1967","non-differential"
"ASV_1968","non-differential"
"ASV_1970","non-differential"
"ASV_1972","non-differential"
"ASV_1975","non-differential"
"ASV_1976","non-differential"
"ASV_1978","non-differential"
"ASV_1980","non-differential"
"ASV_1981","non-differential"
"ASV_1982","non-differential"
"ASV_1984","non-differential"
"ASV_1985","non-differential"
"ASV_1987","non-differential"
"ASV_1988","non-differential"
"ASV_1991","non-differential"
"ASV_1992","non-differential"
"ASV_1993","non-differential"
"ASV_1994","non-differential"
"ASV_1995","non-differential"
"ASV_1996","non-differential"
"ASV_1997","non-differential"
"ASV_2002","non-differential"
"ASV_2003","non-differential"
"ASV_2008","non-differential"
"ASV_2009","non-differential"
"ASV_2010","non-differential"
"ASV_2011","non-differential"
"ASV_2014","non-differential"
"ASV_2019","non-differential"
"ASV_2020","non-differential"
"ASV_2021","non-differential"
"ASV_2022","non-differential"
"ASV_2023","non-differential"
"ASV_2024","non-differential"
"ASV_2026","non-differential"
"ASV_2029","non-differential"
"ASV_2031","non-differential"
"ASV_2032","non-differential"
"ASV_2033","non-differential"
"ASV_2034","non-differential"
"ASV_2035","non-differential"
"ASV_2036","non-differential"
"ASV_2038","non-differential"
"ASV_2039","non-differential"
"ASV_2040","non-differential"
"ASV_2042","non-differential"
"ASV_2043","non-differential"
"ASV_2047","non-differential"
"ASV_2048","non-differential"
"ASV_2050","non-differential"
"ASV_2051","non-differential"
"ASV_2052","non-differential"
"ASV_2060","non-differential"
"ASV_2061","non-differential"
"ASV_2063","non-differential"
"ASV_2064","non-differential"
"ASV_2065","non-differential"
"ASV_2066","non-differential"
"ASV_2067","non-differential"
"ASV_2068","non-differential"
"ASV_2069","non-differential"
"ASV_2070","non-differential"
"ASV_2074","non-differential"
"ASV_2078","non-differential"
"ASV_2080","non-differential"
"ASV_2081","non-differential"
"ASV_2082","non-differential"
"ASV_2083","non-differential"
"ASV_2084","non-differential"
"ASV_2085","non-differential"
"ASV_2087","non-differential"
"ASV_2088","non-differential"
"ASV_2090","non-differential"
"ASV_2091","non-differential"
"ASV_2092","non-differential"
"ASV_2094","non-differential"
"ASV_2098","non-differential"
"ASV_2099","non-differential"
"ASV_2106","non-differential"
"ASV_2108","non-differential"
"ASV_2113","non-differential"
"ASV_2114","non-differential"
"ASV_2115","non-differential"
"ASV_2116","non-differential"
"ASV_2117","non-differential"
"ASV_2121","non-differential"
"ASV_2125","non-differential"
"ASV_2126","non-differential"
"ASV_2127","non-differential"
"ASV_2129","non-differential"
"ASV_2130","non-differential"
"ASV_2131","non-differential"
"ASV_2136","non-differential"
"ASV_2139","non-differential"
"ASV_2144","non-differential"
"ASV_2145","non-differential"
"ASV_2146","non-differential"
"ASV_2148","non-differential"
"ASV_2149","non-differential"
"ASV_2150","non-differential"
"ASV_2151","non-differential"
"ASV_2154","non-differential"
"ASV_2155","non-differential"
"ASV_2156","non-differential"
"ASV_2160","non-differential"
"ASV_2161","non-differential"
"ASV_2162","non-differential"
"ASV_2164","non-differential"
"ASV_2165","non-differential"
"ASV_2167","non-differential"
"ASV_2168","non-differential"
"ASV_2169","non-differential"
"ASV_2171","non-differential"
"ASV_2173","non-differential"
"ASV_2176","non-differential"
"ASV_2181","non-differential"
"ASV_2184","non-differential"
"ASV_2187","non-differential"
"ASV_2188","non-differential"
"ASV_2190","non-differential"
"ASV_2191","non-differential"
"ASV_2192","non-differential"
"ASV_2193","non-differential"
"ASV_2197","non-differential"
"ASV_2200","non-differential"
"ASV_2203","non-differential"
"ASV_2204","non-differential"
"ASV_2205","non-differential"
"ASV_2206","non-differential"
"ASV_2208","non-differential"
"ASV_2211","non-differential"
"ASV_2212","non-differential"
"ASV_2213","non-differential"
"ASV_2215","non-differential"
"ASV_2218","non-differential"
"ASV_2219","non-differential"
"ASV_2220","non-differential"
"ASV_2223","non-differential"
"ASV_2224","non-differential"
"ASV_2227","non-differential"
"ASV_2229","non-differential"
"ASV_2230","non-differential"
"ASV_2233","non-differential"
"ASV_2234","non-differential"
"ASV_2236","non-differential"
"ASV_2238","non-differential"
"ASV_2240","non-differential"
"ASV_2243","non-differential"
"ASV_2247","non-differential"
"ASV_2249","non-differential"
"ASV_2251","non-differential"
"ASV_2252","non-differential"
"ASV_2254","non-differential"
"ASV_2255","non-differential"
"ASV_2257","non-differential"
"ASV_2259","non-differential"
"ASV_2263","non-differential"
"ASV_2264","non-differential"
"ASV_2266","non-differential"
"ASV_2267","non-differential"
"ASV_2269","non-differential"
"ASV_2272","non-differential"
"ASV_2273","non-differential"
"ASV_2278","non-differential"
"ASV_2280","non-differential"
"ASV_2284","non-differential"
"ASV_2285","non-differential"
"ASV_2286","non-differential"
"ASV_2289","non-differential"
"ASV_2290","non-differential"
"ASV_2292","non-differential"
"ASV_2293","non-differential"
"ASV_2294","non-differential"
"ASV_2295","non-differential"
"ASV_2297","non-differential"
"ASV_2298","non-differential"
"ASV_2299","non-differential"
"ASV_2300","non-differential"
"ASV_2301","non-differential"
"ASV_2302","non-differential"
"ASV_2303","non-differential"
"ASV_2305","non-differential"
"ASV_2308","non-differential"
"ASV_2309","non-differential"
"ASV_2312","non-differential"
"ASV_2314","non-differential"
"ASV_2317","non-differential"
"ASV_2318","non-differential"
"ASV_2320","non-differential"
"ASV_2321","non-differential"
"ASV_2322","non-differential"
"ASV_2325","non-differential"
"ASV_2326","non-differential"
"ASV_2327","non-differential"
"ASV_2330","non-differential"
"ASV_2331","non-differential"
"ASV_2333","non-differential"
"ASV_2334","non-differential"
"ASV_2335","non-differential"
"ASV_2336","non-differential"
"ASV_2338","non-differential"
"ASV_2340","non-differential"
"ASV_2341","non-differential"
"ASV_2343","non-differential"
"ASV_2346","non-differential"
"ASV_2350","non-differential"
"ASV_2351","non-differential"
"ASV_2352","non-differential"
"ASV_2353","non-differential"
"ASV_2359","non-differential"
"ASV_2360","non-differential"
"ASV_2362","non-differential"
"ASV_2367","non-differential"
"ASV_2368","non-differential"
"ASV_2371","non-differential"
"ASV_2373","non-differential"
"ASV_2374","non-differential"
"ASV_2376","non-differential"
"ASV_2378","non-differential"
"ASV_2379","non-differential"
"ASV_2380","non-differential"
"ASV_2383","non-differential"
"ASV_2385","non-differential"
"ASV_2386","non-differential"
"ASV_2388","non-differential"
"ASV_2390","non-differential"
"ASV_2395","non-differential"
"ASV_2396","non-differential"
"ASV_2399","non-differential"
"ASV_2400","non-differential"
"ASV_2404","non-differential"
"ASV_2409","non-differential"
"ASV_2410","non-differential"
"ASV_2413","non-differential"
"ASV_2414","non-differential"
"ASV_2417","non-differential"
"ASV_2419","non-differential"
"ASV_2421","non-differential"
"ASV_2422","non-differential"
"ASV_2423","non-differential"
"ASV_2424","non-differential"
"ASV_2428","non-differential"
"ASV_2430","non-differential"
"ASV_2433","non-differential"
"ASV_2434","non-differential"
"ASV_2435","non-differential"
"ASV_2440","non-differential"
"ASV_2441","non-differential"
"ASV_2442","non-differential"
"ASV_2443","non-differential"
"ASV_2451","non-differential"
"ASV_2452","non-differential"
"ASV_2454","non-differential"
"ASV_2455","non-differential"
"ASV_2456","non-differential"
"ASV_2458","non-differential"
"ASV_2459","non-differential"
"ASV_2467","non-differential"
"ASV_2470","non-differential"
"ASV_2471","non-differential"
"ASV_2472","non-differential"
"ASV_2473","non-differential"
"ASV_2475","non-differential"
"ASV_2477","non-differential"
"ASV_2479","non-differential"
"ASV_2480","non-differential"
"ASV_2481","non-differential"
"ASV_2483","non-differential"
"ASV_2484","non-differential"
"ASV_2485","non-differential"
"ASV_2486","non-differential"
"ASV_2488","non-differential"
"ASV_2491","non-differential"
"ASV_2492","non-differential"
"ASV_2493","non-differential"
"ASV_2494","non-differential"
"ASV_2501","non-differential"
"ASV_2502","non-differential"
"ASV_2503","non-differential"
"ASV_2504","non-differential"
"ASV_2505","non-differential"
"ASV_2506","non-differential"
"ASV_2507","non-differential"
"ASV_2510","non-differential"
"ASV_2511","non-differential"
"ASV_2521","non-differential"
"ASV_2522","non-differential"
"ASV_2523","non-differential"
"ASV_2524","non-differential"
"ASV_2526","non-differential"
"ASV_2527","non-differential"
"ASV_2529","non-differential"
"ASV_2530","non-differential"
"ASV_2532","non-differential"
"ASV_2533","non-differential"
"ASV_2534","non-differential"
"ASV_2535","non-differential"
"ASV_2536","non-differential"
"ASV_2537","non-differential"
"ASV_2539","non-differential"
"ASV_2541","non-differential"
"ASV_2542","non-differential"
"ASV_2543","non-differential"
"ASV_2545","non-differential"
"ASV_2547","non-differential"
"ASV_2548","non-differential"
"ASV_2549","non-differential"
"ASV_2551","non-differential"
"ASV_2554","non-differential"
"ASV_2556","non-differential"
"ASV_2562","non-differential"
"ASV_2563","non-differential"
"ASV_2564","non-differential"
"ASV_2568","non-differential"
"ASV_2569","non-differential"
"ASV_2571","non-differential"
"ASV_2573","non-differential"
"ASV_2574","non-differential"
"ASV_2578","non-differential"
"ASV_2580","non-differential"
"ASV_2581","non-differential"
"ASV_2583","non-differential"
"ASV_2585","non-differential"
"ASV_2586","non-differential"
"ASV_2587","non-differential"
"ASV_2590","non-differential"
"ASV_2594","non-differential"
"ASV_2595","non-differential"
"ASV_2596","non-differential"
"ASV_2597","non-differential"
"ASV_2598","non-differential"
"ASV_2599","non-differential"
"ASV_2601","non-differential"
"ASV_2602","non-differential"
"ASV_2603","non-differential"
"ASV_2607","non-differential"
"ASV_2609","non-differential"
"ASV_2611","non-differential"
"ASV_2612","non-differential"
"ASV_2613","non-differential"
"ASV_2616","non-differential"
"ASV_2617","non-differential"
"ASV_2620","non-differential"
"ASV_2625","non-differential"
"ASV_2627","non-differential"
"ASV_2628","non-differential"
"ASV_2630","non-differential"
"ASV_2631","non-differential"
"ASV_2640","non-differential"
"ASV_2641","non-differential"
"ASV_2643","non-differential"
"ASV_2644","non-differential"
"ASV_2645","non-differential"
"ASV_2646","non-differential"
"ASV_2651","non-differential"
"ASV_2655","non-differential"
"ASV_2657","non-differential"
"ASV_2661","non-differential"
"ASV_2662","non-differential"
"ASV_2663","non-differential"
"ASV_2664","non-differential"
"ASV_2666","non-differential"
"ASV_2667","non-differential"
"ASV_2668","non-differential"
"ASV_2669","non-differential"
"ASV_2670","non-differential"
"ASV_2671","non-differential"
"ASV_2672","non-differential"
"ASV_2673","non-differential"
"ASV_2675","non-differential"
"ASV_2678","non-differential"
"ASV_2685","non-differential"
"ASV_2686","non-differential"
"ASV_2687","non-differential"
"ASV_2690","non-differential"
"ASV_2691","non-differential"
"ASV_2695","non-differential"
"ASV_2696","non-differential"
"ASV_2697","non-differential"
"ASV_2706","non-differential"
"ASV_2707","non-differential"
"ASV_2708","non-differential"
"ASV_2709","non-differential"
"ASV_2713","non-differential"
"ASV_2714","non-differential"
"ASV_2717","non-differential"
"ASV_2718","non-differential"
"ASV_2720","non-differential"
"ASV_2721","non-differential"
"ASV_2726","non-differential"
"ASV_2727","non-differential"
"ASV_2728","non-differential"
"ASV_2731","non-differential"
"ASV_2732","non-differential"
"ASV_2739","non-differential"
"ASV_2740","non-differential"
"ASV_2741","non-differential"
"ASV_2744","non-differential"
"ASV_2749","non-differential"
"ASV_2755","non-differential"
"ASV_2757","non-differential"
"ASV_2758","non-differential"
"ASV_2759","non-differential"
"ASV_2760","non-differential"
"ASV_2763","non-differential"
"ASV_2766","non-differential"
"ASV_2772","non-differential"
"ASV_2781","non-differential"
"ASV_2782","non-differential"
"ASV_2791","non-differential"
"ASV_2793","non-differential"
"ASV_2799","non-differential"
"ASV_2800","non-differential"
"ASV_2804","non-differential"
"ASV_2807","non-differential"
"ASV_2808","non-differential"
"ASV_2809","non-differential"
"ASV_2815","non-differential"
"ASV_2821","non-differential"
"ASV_2823","non-differential"
"ASV_2825","non-differential"
"ASV_2829","non-differential"
"ASV_2831","non-differential"
"ASV_2832","non-differential"
"ASV_2833","non-differential"
"ASV_2837","non-differential"
"ASV_2840","non-differential"
"ASV_2841","non-differential"
"ASV_2842","non-differential"
"ASV_2845","non-differential"
"ASV_2846","non-differential"
"ASV_2847","non-differential"
"ASV_2850","non-differential"
"ASV_2854","non-differential"
"ASV_2855","non-differential"
"ASV_2856","non-differential"
"ASV_2857","non-differential"
"ASV_2862","non-differential"
"ASV_2871","non-differential"
"ASV_2873","non-differential"
"ASV_2876","non-differential"
"ASV_2877","non-differential"
"ASV_2878","non-differential"
"ASV_2881","non-differential"
"ASV_2883","non-differential"
"ASV_2888","non-differential"
"ASV_2889","non-differential"
"ASV_2890","non-differential"
"ASV_2895","non-differential"
"ASV_2896","non-differential"
"ASV_2897","non-differential"
"ASV_2902","non-differential"
"ASV_2903","non-differential"
"ASV_2904","non-differential"
"ASV_2908","non-differential"
"ASV_2909","non-differential"
"ASV_2910","non-differential"
"ASV_2911","non-differential"
"ASV_2914","non-differential"
"ASV_2917","non-differential"
"ASV_2918","non-differential"
"ASV_2922","non-differential"
"ASV_2925","non-differential"
"ASV_2926","non-differential"
"ASV_2927","non-differential"
"ASV_2928","non-differential"
"ASV_2932","non-differential"
"ASV_2939","non-differential"
"ASV_2940","non-differential"
"ASV_2941","non-differential"
"ASV_2943","non-differential"
"ASV_2944","non-differential"
"ASV_2953","non-differential"
"ASV_2958","non-differential"
"ASV_2961","non-differential"
"ASV_2962","non-differential"
"ASV_2964","non-differential"
"ASV_2974","non-differential"
"ASV_2975","non-differential"
"ASV_2978","non-differential"
"ASV_2981","non-differential"
"ASV_2982","non-differential"
"ASV_2987","non-differential"
"ASV_2990","non-differential"
"ASV_2991","non-differential"
"ASV_2993","non-differential"
"ASV_2995","non-differential"
"ASV_2998","non-differential"
"ASV_3001","non-differential"
"ASV_3003","non-differential"
"ASV_3009","non-differential"
"ASV_3010","non-differential"
"ASV_3012","non-differential"
"ASV_3017","non-differential"
"ASV_3020","non-differential"
"ASV_3021","non-differential"
"ASV_3024","non-differential"
"ASV_3025","non-differential"
"ASV_3026","non-differential"
"ASV_3027","non-differential"
"ASV_3028","non-differential"
"ASV_3031","non-differential"
"ASV_3032","non-differential"
"ASV_3033","non-differential"
"ASV_3037","non-differential"
"ASV_3040","non-differential"
"ASV_3041","non-differential"
"ASV_3042","non-differential"
"ASV_3043","non-differential"
"ASV_3046","non-differential"
"ASV_3048","non-differential"
"ASV_3052","non-differential"
"ASV_3059","non-differential"
"ASV_3064","non-differential"
"ASV_3066","non-differential"
"ASV_3074","non-differential"
"ASV_3075","non-differential"
"ASV_3078","non-differential"
"ASV_3079","non-differential"
"ASV_3080","non-differential"
"ASV_3081","non-differential"
"ASV_3082","non-differential"
"ASV_3083","non-differential"
"ASV_3084","non-differential"
"ASV_3085","non-differential"
"ASV_3089","non-differential"
"ASV_3090","non-differential"
"ASV_3091","non-differential"
"ASV_3096","non-differential"
"ASV_3097","non-differential"
"ASV_3101","non-differential"
"ASV_3103","non-differential"
"ASV_3105","non-differential"
"ASV_3111","non-differential"
"ASV_3119","non-differential"
"ASV_3120","non-differential"
"ASV_3121","non-differential"
"ASV_3131","non-differential"
"ASV_3132","non-differential"
"ASV_3133","non-differential"
"ASV_3134","non-differential"
"ASV_3135","non-differential"
"ASV_3136","non-differential"
"ASV_3138","non-differential"
"ASV_3143","non-differential"
"ASV_3146","non-differential"
"ASV_3154","non-differential"
"ASV_3155","non-differential"
"ASV_3156","non-differential"
"ASV_3157","non-differential"
"ASV_3159","non-differential"
"ASV_3163","non-differential"
"ASV_3164","non-differential"
"ASV_3165","non-differential"
"ASV_3167","non-differential"
"ASV_3174","non-differential"
"ASV_3175","non-differential"
"ASV_3177","non-differential"
"ASV_3178","non-differential"
"ASV_3184","non-differential"
"ASV_3186","non-differential"
"ASV_3193","non-differential"
"ASV_3195","non-differential"
"ASV_3196","non-differential"
"ASV_3198","non-differential"
"ASV_3202","non-differential"
"ASV_3203","non-differential"
"ASV_3205","non-differential"
"ASV_3207","non-differential"
"ASV_3210","non-differential"
"ASV_3212","non-differential"
"ASV_3213","non-differential"
"ASV_3219","non-differential"
"ASV_3220","non-differential"
"ASV_3221","non-differential"
"ASV_3227","non-differential"
"ASV_3229","non-differential"
"ASV_3231","non-differential"
"ASV_3232","non-differential"
"ASV_3236","non-differential"
"ASV_3242","non-differential"
"ASV_3243","non-differential"
"ASV_3244","non-differential"
"ASV_3246","non-differential"
"ASV_3247","non-differential"
"ASV_3250","non-differential"
"ASV_3263","non-differential"
"ASV_3265","non-differential"
"ASV_3266","non-differential"
"ASV_3269","non-differential"
"ASV_3270","non-differential"
"ASV_3271","non-differential"
"ASV_3272","non-differential"
"ASV_3273","non-differential"
"ASV_3276","non-differential"
"ASV_3278","non-differential"
"ASV_3284","non-differential"
"ASV_3288","non-differential"
"ASV_3292","non-differential"
"ASV_3294","non-differential"
"ASV_3295","non-differential"
"ASV_3296","non-differential"
"ASV_3299","non-differential"
"ASV_3300","non-differential"
"ASV_3301","non-differential"
"ASV_3302","non-differential"
"ASV_3303","non-differential"
"ASV_3306","non-differential"
"ASV_3307","non-differential"
"ASV_3312","non-differential"
"ASV_3314","non-differential"
"ASV_3319","non-differential"
"ASV_3320","non-differential"
"ASV_3322","non-differential"
"ASV_3331","non-differential"
"ASV_3332","non-differential"
"ASV_3333","non-differential"
"ASV_3341","non-differential"
"ASV_3349","non-differential"
"ASV_3352","non-differential"
"ASV_3353","non-differential"
"ASV_3357","non-differential"
"ASV_3361","non-differential"
"ASV_3362","non-differential"
"ASV_3364","non-differential"
"ASV_3368","non-differential"
"ASV_3369","non-differential"
"ASV_3370","non-differential"
"ASV_3373","non-differential"
"ASV_3374","non-differential"
"ASV_3375","non-differential"
"ASV_3376","non-differential"
"ASV_3377","non-differential"
"ASV_3381","non-differential"
"ASV_3382","non-differential"
"ASV_3385","non-differential"
"ASV_3387","non-differential"
"ASV_3389","non-differential"
"ASV_3394","non-differential"
"ASV_3395","non-differential"
"ASV_3399","non-differential"
"ASV_3402","non-differential"
"ASV_3403","non-differential"
"ASV_3406","non-differential"
"ASV_3408","non-differential"
"ASV_3415","non-differential"
"ASV_3416","non-differential"
"ASV_3426","non-differential"
"ASV_3427","non-differential"
"ASV_3428","non-differential"
"ASV_3434","non-differential"
"ASV_3441","non-differential"
"ASV_3442","non-differential"
"ASV_3443","non-differential"
"ASV_3444","non-differential"
"ASV_3445","non-differential"
"ASV_3446","non-differential"
"ASV_3447","non-differential"
"ASV_3448","non-differential"
"ASV_3449","non-differential"
"ASV_3460","non-differential"
"ASV_3461","non-differential"
"ASV_3465","non-differential"
"ASV_3466","non-differential"
"ASV_3467","non-differential"
"ASV_3470","non-differential"
"ASV_3471","non-differential"
"ASV_3472","non-differential"
"ASV_3473","non-differential"
"ASV_3478","non-differential"
"ASV_3479","non-differential"
"ASV_3480","non-differential"
"ASV_3481","non-differential"
"ASV_3482","non-differential"
"ASV_3483","non-differential"
"ASV_3484","non-differential"
"ASV_3487","non-differential"
"ASV_3488","non-differential"
"ASV_3489","non-differential"
"ASV_3493","non-differential"
"ASV_3494","non-differential"
"ASV_3499","non-differential"
"ASV_3501","non-differential"
"ASV_3502","non-differential"
"ASV_3503","non-differential"
"ASV_3505","non-differential"
"ASV_3511","non-differential"
"ASV_3512","non-differential"
"ASV_3513","non-differential"
"ASV_3514","non-differential"
"ASV_3518","non-differential"
"ASV_3519","non-differential"
"ASV_3520","non-differential"
"ASV_3521","non-differential"
"ASV_3523","non-differential"
"ASV_3526","non-differential"
"ASV_3535","non-differential"
"ASV_3536","non-differential"
"ASV_3537","non-differential"
"ASV_3538","non-differential"
"ASV_3539","non-differential"
"ASV_3546","non-differential"
"ASV_3550","non-differential"
"ASV_3551","non-differential"
"ASV_3552","non-differential"
"ASV_3557","non-differential"
"ASV_3561","non-differential"
"ASV_3562","non-differential"
"ASV_3563","non-differential"
"ASV_3571","non-differential"
"ASV_3576","non-differential"
"ASV_3584","non-differential"
"ASV_3585","non-differential"
"ASV_3586","non-differential"
"ASV_3587","non-differential"
"ASV_3591","non-differential"
"ASV_3592","non-differential"
"ASV_3595","non-differential"
"ASV_3597","non-differential"
"ASV_3598","non-differential"
"ASV_3599","non-differential"
"ASV_3600","non-differential"
"ASV_3602","non-differential"
"ASV_3603","non-differential"
"ASV_3616","non-differential"
"ASV_3617","non-differential"
"ASV_3618","non-differential"
"ASV_3619","non-differential"
"ASV_3620","non-differential"
"ASV_3621","non-differential"
"ASV_3622","non-differential"
"ASV_3626","non-differential"
"ASV_3627","non-differential"
"ASV_3648","non-differential"
"ASV_3651","non-differential"
"ASV_3655","non-differential"
"ASV_3656","non-differential"
"ASV_3658","non-differential"
"ASV_3659","non-differential"
"ASV_3660","non-differential"
"ASV_3661","non-differential"
"ASV_3662","non-differential"
"ASV_3667","non-differential"
"ASV_3669","non-differential"
"ASV_3670","non-differential"
"ASV_3679","non-differential"
"ASV_3680","non-differential"
"ASV_3689","non-differential"
"ASV_3693","non-differential"
"ASV_3696","non-differential"
"ASV_3697","non-differential"
"ASV_3705","non-differential"
"ASV_3706","non-differential"
"ASV_3707","non-differential"
"ASV_3709","non-differential"
"ASV_3712","non-differential"
"ASV_3713","non-differential"
"ASV_3714","non-differential"
"ASV_3715","non-differential"
"ASV_3717","non-differential"
"ASV_3721","non-differential"
"ASV_3724","non-differential"
"ASV_3728","non-differential"
"ASV_3735","non-differential"
"ASV_3736","non-differential"
"ASV_3737","non-differential"
"ASV_3738","non-differential"
"ASV_3740","non-differential"
"ASV_3745","non-differential"
"ASV_3750","non-differential"
"ASV_3751","non-differential"
"ASV_3754","non-differential"
"ASV_3761","non-differential"
"ASV_3765","non-differential"
"ASV_3767","non-differential"
"ASV_3770","non-differential"
"ASV_3771","non-differential"
"ASV_3779","non-differential"
"ASV_3784","non-differential"
"ASV_3785","non-differential"
"ASV_3786","non-differential"
"ASV_3787","non-differential"
"ASV_3788","non-differential"
"ASV_3789","non-differential"
"ASV_3790","non-differential"
"ASV_3791","non-differential"
"ASV_3795","non-differential"
"ASV_3797","non-differential"
"ASV_3800","non-differential"
"ASV_3810","non-differential"
"ASV_3812","non-differential"
"ASV_3824","non-differential"
"ASV_3830","non-differential"
"ASV_3833","non-differential"
"ASV_3835","non-differential"
"ASV_3837","non-differential"
"ASV_3839","non-differential"
"ASV_3841","non-differential"
"ASV_3859","non-differential"
"ASV_3869","non-differential"
"ASV_3873","non-differential"
"ASV_3874","non-differential"
"ASV_3875","non-differential"
"ASV_3881","non-differential"
"ASV_3885","non-differential"
"ASV_3886","non-differential"
"ASV_3888","non-differential"
"ASV_3889","non-differential"
"ASV_3890","non-differential"
"ASV_3891","non-differential"
"ASV_3905","non-differential"
"ASV_3906","non-differential"
"ASV_3907","non-differential"
"ASV_3908","non-differential"
"ASV_3915","non-differential"
"ASV_3921","non-differential"
"ASV_3922","non-differential"
"ASV_3923","non-differential"
"ASV_3924","non-differential"
"ASV_3925","non-differential"
"ASV_3926","non-differential"
"ASV_3927","non-differential"
"ASV_3936","non-differential"
"ASV_3946","non-differential"
"ASV_3947","non-differential"
"ASV_3956","non-differential"
"ASV_3957","non-differential"
"ASV_3958","non-differential"
"ASV_3966","non-differential"
"ASV_3971","non-differential"
"ASV_3975","non-differential"
"ASV_3976","non-differential"
"ASV_3977","non-differential"
"ASV_3978","non-differential"
"ASV_3979","non-differential"
"ASV_3980","non-differential"
"ASV_3981","non-differential"
"ASV_3982","non-differential"
"ASV_3988","non-differential"
"ASV_3989","non-differential"
"ASV_3990","non-differential"
"ASV_3991","non-differential"
"ASV_3992","non-differential"
"ASV_3993","non-differential"
"ASV_3996","non-differential"
"ASV_3997","non-differential"
"ASV_4008","non-differential"
"ASV_4009","non-differential"
"ASV_4016","non-differential"
"ASV_4024","non-differential"
"ASV_4026","non-differential"
"ASV_4030","non-differential"
"ASV_4032","non-differential"
"ASV_4034","non-differential"
"ASV_4035","non-differential"
"ASV_4036","non-differential"
"ASV_4037","non-differential"
"ASV_4038","non-differential"
"ASV_4039","non-differential"
"ASV_4054","non-differential"
"ASV_4057","non-differential"
"ASV_4058","non-differential"
"ASV_4064","non-differential"
"ASV_4065","non-differential"
"ASV_4071","non-differential"
"ASV_4072","non-differential"
"ASV_4073","non-differential"
"ASV_4074","non-differential"
"ASV_4075","non-differential"
"ASV_4076","non-differential"
"ASV_4077","non-differential"
"ASV_4083","non-differential"
"ASV_4086","non-differential"
"ASV_4096","non-differential"
"ASV_4097","non-differential"
"ASV_4098","non-differential"
"ASV_4099","non-differential"
"ASV_4100","non-differential"
"ASV_4112","non-differential"
"ASV_4113","non-differential"
"ASV_4118","non-differential"
"ASV_4119","non-differential"
"ASV_4128","non-differential"
"ASV_4132","non-differential"
"ASV_4141","non-differential"
"ASV_4142","non-differential"
"ASV_4146","non-differential"
"ASV_4147","non-differential"
"ASV_4155","non-differential"
"ASV_4156","non-differential"
"ASV_4157","non-differential"
"ASV_4158","non-differential"
"ASV_4165","non-differential"
"ASV_4166","non-differential"
"ASV_4167","non-differential"
"ASV_4168","non-differential"
"ASV_4169","non-differential"
"ASV_4170","non-differential"
"ASV_4174","non-differential"
"ASV_4182","non-differential"
"ASV_4183","non-differential"
"ASV_4194","non-differential"
"ASV_4195","non-differential"
"ASV_4198","non-differential"
"ASV_4199","non-differential"
"ASV_4212","non-differential"
"ASV_4213","non-differential"
"ASV_4214","non-differential"
"ASV_4219","non-differential"
"ASV_4226","non-differential"
"ASV_4229","non-differential"
"ASV_4233","non-differential"
"ASV_4234","non-differential"
"ASV_4235","non-differential"
"ASV_4237","non-differential"
"ASV_4249","non-differential"
"ASV_4259","non-differential"
"ASV_4260","non-differential"
"ASV_4263","non-differential"
"ASV_4264","non-differential"
"ASV_4265","non-differential"
"ASV_4289","non-differential"
"ASV_4301","non-differential"
"ASV_4310","non-differential"
"ASV_4318","non-differential"
"ASV_4319","non-differential"
"ASV_4320","non-differential"
"ASV_4321","non-differential"
"ASV_4322","non-differential"
"ASV_4323","non-differential"
"ASV_4324","non-differential"
"ASV_4325","non-differential"
"ASV_4326","non-differential"
"ASV_4329","non-differential"
"ASV_4331","non-differential"
"ASV_4332","non-differential"
"ASV_4335","non-differential"
"ASV_4336","non-differential"
"ASV_4340","non-differential"
"ASV_4341","non-differential"
"ASV_4343","non-differential"
"ASV_4344","non-differential"
"ASV_4349","non-differential"
"ASV_4350","non-differential"
"ASV_4351","non-differential"
"ASV_4352","non-differential"
"ASV_4356","non-differential"
"ASV_4358","non-differential"
"ASV_4370","non-differential"
"ASV_4372","non-differential"
"ASV_4375","non-differential"
"ASV_4376","non-differential"
"ASV_4377","non-differential"
"ASV_4378","non-differential"
"ASV_4381","non-differential"
"ASV_4390","non-differential"
"ASV_4396","non-differential"
"ASV_4400","non-differential"
"ASV_4402","non-differential"
"ASV_4403","non-differential"
"ASV_4404","non-differential"
"ASV_4405","non-differential"
"ASV_4406","non-differential"
"ASV_4407","non-differential"
"ASV_4414","non-differential"
"ASV_4422","non-differential"
"ASV_4438","non-differential"
"ASV_4441","non-differential"
"ASV_4442","non-differential"
"ASV_4446","non-differential"
"ASV_4447","non-differential"
"ASV_4448","non-differential"
"ASV_4450","non-differential"
"ASV_4469","non-differential"
"ASV_4470","non-differential"
"ASV_4472","non-differential"
"ASV_4473","non-differential"
"ASV_4474","non-differential"
"ASV_4476","non-differential"
"ASV_4477","non-differential"
"ASV_4479","non-differential"
"ASV_4495","non-differential"
"ASV_4496","non-differential"
"ASV_4497","non-differential"
"ASV_4506","non-differential"
"ASV_4519","non-differential"
"ASV_4527","non-differential"
"ASV_4529","non-differential"
"ASV_4530","non-differential"
"ASV_4531","non-differential"
"ASV_4532","non-differential"
"ASV_4538","non-differential"
"ASV_4543","non-differential"
"ASV_4546","non-differential"
"ASV_4547","non-differential"
"ASV_4548","non-differential"
"ASV_4557","non-differential"
"ASV_4558","non-differential"
"ASV_4559","non-differential"
"ASV_4560","non-differential"
"ASV_4561","non-differential"
"ASV_4571","non-differential"
"ASV_4577","non-differential"
"ASV_4585","non-differential"
"ASV_4589","non-differential"
"ASV_4591","non-differential"
"ASV_4592","non-differential"
"ASV_4605","non-differential"
"ASV_4617","non-differential"
"ASV_4618","non-differential"
"ASV_4620","non-differential"
"ASV_4621","non-differential"
"ASV_4622","non-differential"
"ASV_4626","non-differential"
"ASV_4628","non-differential"
"ASV_4649","non-differential"
"ASV_4655","non-differential"
"ASV_4663","non-differential"
"ASV_4664","non-differential"
"ASV_4665","non-differential"
"ASV_4670","non-differential"
"ASV_4671","non-differential"
"ASV_4672","non-differential"
"ASV_4673","non-differential"
"ASV_4674","non-differential"
"ASV_4675","non-differential"
"ASV_4676","non-differential"
"ASV_4677","non-differential"
"ASV_4685","non-differential"
"ASV_4695","non-differential"
"ASV_4696","non-differential"
"ASV_4697","non-differential"
"ASV_4713","non-differential"
"ASV_4714","non-differential"
"ASV_4721","non-differential"
"ASV_4733","non-differential"
"ASV_4734","non-differential"
"ASV_4735","non-differential"
"ASV_4736","non-differential"
"ASV_4758","non-differential"
"ASV_4759","non-differential"
"ASV_4760","non-differential"
"ASV_4764","non-differential"
"ASV_4771","non-differential"
"ASV_4772","non-differential"
"ASV_4773","non-differential"
"ASV_4774","non-differential"
"ASV_4775","non-differential"
"ASV_4776","non-differential"
"ASV_4777","non-differential"
"ASV_4782","non-differential"
"ASV_4783","non-differential"
"ASV_4784","non-differential"
"ASV_4785","non-differential"
"ASV_4786","non-differential"
"ASV_4787","non-differential"
"ASV_4788","non-differential"
"ASV_4789","non-differential"
"ASV_4790","non-differential"
"ASV_4794","non-differential"
"ASV_4795","non-differential"
"ASV_4796","non-differential"
"ASV_4797","non-differential"
"ASV_4805","non-differential"
"ASV_4809","non-differential"
"ASV_4810","non-differential"
"ASV_4811","non-differential"
"ASV_4828","non-differential"
"ASV_4830","non-differential"
"ASV_4840","non-differential"
"ASV_4841","non-differential"
"ASV_4843","non-differential"
"ASV_4844","non-differential"
"ASV_4845","non-differential"
"ASV_4846","non-differential"
"ASV_4847","non-differential"
"ASV_4855","non-differential"
"ASV_4856","non-differential"
"ASV_4857","non-differential"
"ASV_4858","non-differential"
"ASV_4859","non-differential"
"ASV_4861","non-differential"
"ASV_4862","non-differential"
"ASV_4863","non-differential"
"ASV_4864","non-differential"
"ASV_4886","non-differential"
"ASV_4887","non-differential"
"ASV_4888","non-differential"
"ASV_4903","non-differential"
"ASV_4904","non-differential"
"ASV_4910","non-differential"
"ASV_4911","non-differential"
"ASV_4912","non-differential"
"ASV_4913","non-differential"
"ASV_4917","non-differential"
"ASV_4918","non-differential"
"ASV_4919","non-differential"
"ASV_4920","non-differential"
"ASV_4922","non-differential"
"ASV_4931","non-differential"
"ASV_4932","non-differential"
"ASV_4940","non-differential"
"ASV_4941","non-differential"
"ASV_4949","non-differential"
"ASV_4958","non-differential"
"ASV_4959","non-differential"
"ASV_4960","non-differential"
"ASV_4961","non-differential"
"ASV_4963","non-differential"
"ASV_4964","non-differential"
"ASV_4971","non-differential"
"ASV_4972","non-differential"
"ASV_4973","non-differential"
